Year,Q1,Q2,Q3,Q4,Q1milU,Q2milU,Q3milU,Q4milU,ModelMake,Region,,,,,,,,,,,,,,,,,,
2008,2.32,1.7,0.72,6.89,2320000,1700000,720000,6890000,Apple,Global,,,,,,,,,,,,,,,,,,
2009,4.36,3.79,5.21,7.37,4360000,3790000,5210000,7370000,Apple,Global,,,,,,,,,,,,,,,,,,
2010,8.74,8.75,8.4,14.1,8740000,8750000,8400000,14100000,Apple,Global,,,,,,,,,,,,,,,,,,
2011,16.24,18.65,20.34,17.07,16240000,18650000,20340000,17070000,Apple,Global,,,,,,,,,,,,,,,,,,
2012,37.04,35.06,26.03,26.91,37040000,35060000,26030000,26910000,Apple,Global,,,,,,,,,,,,,,,,,,
2013,47.79,37.43,31.24,33.8,47790000,37430000,31240000,33800000,Apple,Global,,,,,,,,,,,,,,,,,,
2014,51.03,43.72,35.2,39.27,51030000,43720000,35200000,39270000,Apple,Global,,,,,,,,,,,,,,,,,,
2015,74.47,61.17,47.53,48.05,74470000,61170000,47530000,48050000,Apple,Global,,,,,,,,,,,,,,,,,,
2016,74.78,51.19,40.16,45.51,74780000,51190000,40160000,45510000,Apple,Global,,,,,,,,,,,,,,,,,,
2017,78.29,50.76,41.03,46.68,78290000,50760000,41030000,46680000,Apple,Global,,,,,,,,,,,,,,,,,,
2018,77.32,52.22,41.3,46.89,77320000,52220000,41300000,46890000,Apple,Global,,,,,,,,,,,,,,,,,,
2010,4.021274,4.025875,3.86484,6.48741,4021274,4025875,3864840,6487410,Apple,UK,,,,,,,,,,,,,,,,,,
2011,7.12936,8.18735,8.92926,7.49373,7129360,8187350,8929260,7493730,Apple,UK,,,,,,,,,,,,,,,,,,
2012,17.312496,16.387044,12.166422,12.577734,17312496,16387044,12166422,12577734,Apple,UK,,,,,,,,,,,,,,,,,,
2013,20.736081,16.240877,13.555036,14.66582,20736081,16240877,13555036,14665820,Apple,UK,,,,,,,,,,,,,,,,,,
2014,22.953294,19.665256,15.83296,17.663646,22953294,19665256,15832960,17663646,Apple,UK,,,,,,,,,,,,,,,,,,
2015,34.92643,28.68873,22.29157,22.53545,34926430,28688730,22291570,22535450,Apple,UK,,,,,,,,,,,,,,,,,,
2016,33.187364,22.718122,17.823008,20.197338,33187364,22718122,17823008,20197338,Apple,UK,,,,,,,,,,,,,,,,,,
2017,38.393416,24.892704,20.121112,22.891872,38393416,24892704,20121112,22891872,Apple,UK,,,,,,,,,,,,,,,,,,
2018,39.340416,26.569536,21.01344,23.857632,39340416,26569536,21013440,23857632,Apple,UK,,,,,,,,,,,,,,,,,,
2010,2.01457,2.016875,1.9362,3.25005,2014570,2016875,1936200,3250050,Apple,US,,,,,,,,,,,,,,,,,,
2011,3.571652858,4.101682623,4.473363247,3.75419423,3571652.858,4101682.623,4473363.247,3754194.23,Apple,US,,,,,,,,,,,,,,,,,,
2012,8.673180456,8.20954932,6.095110348,6.301168631,8673180.456,8209549.32,6095110.348,6301168.631,Apple,US,,,,,,,,,,,,,,,,,10.21,3.22
2013,10.38832139,8.136322861,6.790775479,7.34725388,10388321.39,8136322.861,6790775.479,7347253.88,Apple,US,,,,,,,,,,,,,,,,,11.21,1.86
2014,11.49909643,9.851861569,7.931965399,8.849098898,11499096.43,9851861.569,7931965.399,8849098.898,Apple,US,,,,,,,,,,,,,,,,,10.18,2.49
2015,17.49737473,14.37242396,11.16758723,11.28976576,17497374.73,14372423.96,11167587.23,11289765.76,Apple,US,,,,,,,,,,,,,,,,,8.98,4.1
2016,16.62614084,11.38128042,8.928935762,10.11842297,16626140.84,11381280.42,8928935.762,10118422.97,Apple,US,,,,,,,,,,,,,,,,,10.26,5.77
2017,19.23425861,12.47069827,10.08023542,11.46832536,19234258.61,12470698.27,10080235.42,11468325.36,Apple,US,,,,,,,,,,,,,,,,,9.23,7.92
2018,19.70868483,13.31075429,10.52727216,11.95214992,19708684.83,13310754.29,10527272.16,11952149.92,Apple,US,,,,,,,,,,,,,,,,,11.33,4.49
2010,1.316244,1.31775,1.26504,2.12346,1316244,1317750,1265040,2123460,Apple,China,,,,,,,,,,,,,,,,,12.55,5.24
2011,2.333583169,2.679884612,2.922726703,2.452848811,2333583.169,2679884.612,2922726.703,2452848.811,Apple,China,,,,,,,,,,,,,,,,,14.13,3.69
2012,5.666728749,5.363809664,3.982315047,4.116945752,5666728.749,5363809.664,3982315.047,4116945.752,Apple,China,,,,,,,,,,,,,,,,,,
2013,6.787337098,5.31596626,4.436836387,4.80041837,6787337.098,5315966.26,4436836.387,4800418.37,Apple,China,,,,,,,,,,,,,,,,,,
2014,7.513075584,6.4368345,5.182446807,5.781667219,7513075.584,6436834.5,5182446.807,5781667.219,Apple,China,,,,,,,,,,,,,,,,,,
2015,11.43212423,9.390399344,7.296479987,7.376306825,11432124.23,9390399.344,7296479.987,7376306.825,Apple,China,,,,,,,,,,,,,,,,,,
2016,10.86289289,7.436099051,5.833829613,6.610995659,10862892.89,7436099.051,5833829.613,6610995.659,Apple,China,,,,,,,,,,,,,,,,,,
2017,12.5669386,8.147883552,6.586045354,7.492970926,12566938.6,8147883.552,6586045.354,7492970.926,Apple,China,,,,,,,,,,,,,,,,,,
2018,12.87691078,8.69674445,6.878122286,7.809083632,12876910.78,8696744.45,6878122.286,7809083.632,Apple,China,,,,,,,,,,,,,,,,,,
2010,0.768246,0.769125,0.73836,1.23939,768246,769125,738360,1239390,Apple,Canada,,,,,,,,,,,,,,,,,,
2011,1.362031611,1.56415576,1.705894271,1.431642832,1362031.611,1564155.76,1705894.271,1431642.832,Apple,Canada,,,,,,,,,,,,,,,,,,
2012,3.307473155,3.130669784,2.324339261,2.402918536,3307473.155,3130669.784,2324339.261,2402918.536,Apple,Canada,,,,,,,,,,,,,,,,,,
2013,3.961533406,3.102745247,2.589627612,2.801837814,3961533.406,3102745.247,2589627.612,2801837.814,Apple,Canada,,,,,,,,,,,,,,,,,,
2014,4.385121805,3.756957188,3.024814571,3.374558755,4385121.805,3756957.188,3024814.571,3374558.755,Apple,Canada,,,,,,,,,,,,,,,,,,
2015,6.67253466,5.480850613,4.258702463,4.305294621,6672534.66,5480850.613,4258702.463,4305294.621,Apple,Canada,,,,,,,,,,,,,,,,,,
2016,6.340294057,4.340193271,3.405004136,3.85860902,6340294.057,4340193.271,3405004.136,3858609.02,Apple,Canada,,,,,,,,,,,,,,,,,,
2017,7.334886473,4.755637213,3.844046392,4.373387413,7334886.473,4755637.213,3844046.392,4373387.413,Apple,Canada,,,,,,,,,,,,,,,,,,
2018,7.515806491,5.075988295,4.014521574,4.557891443,7515806.491,5075988.295,4014521.574,4557891.443,Apple,Canada,,,,,,,,,,,,,,,,,,
2010,0.282302,0.282625,0.27132,0.45543,282302,282625,271320,455430,Apple,Africa,,,,,,,,,,,,,,,,,,
2011,0.500496257,0.574769409,0.626853071,0.526075807,500496.2573,574769.4088,626853.0711,526075.8074,Apple,Africa,,,,,,,,,,,,,,,,,,
2012,1.215374094,1.150405393,0.854108739,0.882983717,1215374.094,1150405.393,854108.7385,882983.717,Apple,Africa,,,,,,,,,,,,,,,,,,
2013,1.455717053,1.140144158,0.951592399,1.029571802,1455717.053,1140144.158,951592.399,1029571.802,Apple,Africa,,,,,,,,,,,,,,,,,,
2014,1.611370129,1.380542858,1.111507516,1.240025572,1611370.129,1380542.858,1111507.516,1240025.572,Apple,Africa,,,,,,,,,,,,,,,,,,
2015,2.451909778,2.014009952,1.564915694,1.58203659,2451909.778,2014009.952,1564915.694,1582036.59,Apple,Africa,,,,,,,,,,,,,,,,,,
2016,2.329823641,1.594860553,1.251213124,1.417896147,2329823.641,1594860.553,1251213.124,1417896.147,Apple,Africa,,,,,,,,,,,,,,,,,,
2017,2.69529958,1.747520842,1.41254492,1.607058173,2695299.58,1747520.842,1412544.92,1607058.173,Apple,Africa,,,,,,,,,,,,,,,,,,
2018,2.761780997,1.86523802,1.475188246,1.674856582,2761780.997,1865238.02,1475188.246,1674856.582,Apple,Africa,,,,,,,,,,,,,,,,,,
2010,0.277058,0.277375,0.26628,0.44697,277058,277375,266280,446970,Apple,MiddleEast,,,,,,,,,,,,,,,,,,
2011,0.491199113,0.564092578,0.615208742,0.516303501,491199.1132,564092.5777,615208.7416,516303.5014,Apple,MiddleEast,,,,,,,,,,,,,,,,,,
2012,1.192797486,1.129035633,0.838242942,0.866581543,1192797.486,1129035.633,838242.9415,866581.5427,Apple,MiddleEast,,,,,,,,,,,,,,,,,,
2013,1.42867587,1.11896501,0.93391576,1.010446629,1428675.87,1118965.01,933915.7601,1010446.629,Apple,MiddleEast,,,,,,,,,,,,,,,,,,
2014,1.581437557,1.354898099,1.090860317,1.216991042,1581437.557,1354898.099,1090860.317,1216991.042,Apple,MiddleEast,,,,,,,,,,,,,,,,,,
2015,2.406363467,1.976598003,1.535846053,1.552648913,2406363.467,1976598.003,1535846.053,1552648.913,Apple,MiddleEast,,,,,,,,,,,,,,,,,,
2016,2.286545183,1.565234661,1.227970775,1.391557519,2286545.183,1565234.661,1227970.775,1391557.519,Apple,MiddleEast,,,,,,,,,,,,,,,,,,
2017,2.645232096,1.715059154,1.386305695,1.5772057,2645232.096,1715059.154,1386305.695,1577205.7,Apple,MiddleEast,,,,,,,,,,,,,,,,,,
2018,2.710478564,1.830589635,1.447785368,1.643744696,2710478.564,1830589.635,1447785.368,1643744.696,Apple,MiddleEast,,,,,,,,,,,,,,,,,,
2010,0.060306,0.060375,0.05796,0.09729,60306,60375,57960,97290,Apple,Others,,,,,,,,,,,,,,,,,,
2011,0.106917157,0.122783558,0.133909789,0.112381519,106917.1571,122783.5579,133909.7892,112381.5192,Apple,Others,,,,,,,,,,,,,,,,,,
2012,0.259630998,0.245752236,0.182456666,0.188625005,259630.9985,245752.2356,182456.6655,188625.0046,Apple,Others,,,,,,,,,,,,,,,,,,
2013,0.310973612,0.243560207,0.203281348,0.219939487,310973.612,243560.2071,203281.3484,219939.4871,Apple,Others,,,,,,,,,,,,,,,,,,
2014,0.344224579,0.294914728,0.237442782,0.264897104,344224.5786,294914.7281,237442.782,264897.1037,Apple,Others,,,,,,,,,,,,,,,,,,
2015,0.523782584,0.43023742,0.334300876,0.337958281,523782.5842,430237.4201,334300.8759,337958.2808,Apple,Others,,,,,,,,,,,,,,,,,,
2016,0.497702264,0.340697765,0.267287014,0.302894223,497702.2639,340697.7653,267287.0141,302894.2234,Apple,Others,,,,,,,,,,,,,,,,,,
2017,0.575776071,0.373309406,0.301751082,0.343303449,575776.0713,373309.4058,301751.0819,343303.4488,Apple,Others,,,,,,,,,,,,,,,,,,
2018,0.589977984,0.398456419,0.315133093,0.3577867,589977.9839,398456.419,315133.0928,357786.7003,Apple,Others,,,,,,,,,,,,,,,,,,
2010,0.275440122,0.275755271,0.26472506,0.444359922,275440.1217,275755.2706,264725.0598,444359.9218,Samsung,UK,,,,,,,,,,,,,,,,,,
2011,1.546314351,1.775785877,1.936701595,1.625343964,1546314.351,1775785.877,1936701.595,1625343.964,Samsung,UK,,,,,,,,,,,,,,,,,,
2012,15.96824989,15.11465554,11.22174797,11.60112323,15968249.89,15114655.54,11221747.97,11601123.23,Samsung,UK,,,,,,,,,,,,,,,,,,
2013,13.55830606,10.6191127,8.862973035,9.589260198,13558306.06,10619112.7,8862973.035,9589260.198,Samsung,UK,,,,,,,,,,,,,,,,,,
2014,27.50038239,23.56097821,18.96949755,21.16284571,27500382.39,23560978.21,18969497.55,21162845.71,Samsung,UK,,,,,,,,,,,,,,,,,,
2015,39.83906823,32.7239936,25.42702985,25.70521322,39839068.23,32723993.6,25427029.85,25705213.22,Samsung,UK,,,,,,,,,,,,,,,,,,
2016,49.70730059,34.02670122,26.69490762,30.25112663,49707300.59,34026701.22,26694907.62,30251126.63,Samsung,UK,,,,,,,,,,,,,,,,,,
2017,47.86162724,31.03150082,25.08318515,28.53724307,47861627.24,31031500.82,25083185.15,28537243.07,Samsung,UK,,,,,,,,,,,,,,,,,,
2018,43.27974843,29.23006289,23.11761006,26.24660377,43279748.43,29230062.89,23117610.06,26246603.77,Samsung,UK,,,,,,,,,,,,,,,,,,
2010,4.032823299,4.037437514,3.875940013,6.506042165,4032823.299,4037437.514,3875940.013,6506042.165,Samsung,US,,,,,,,,,,,,,,,,,,
2011,7.117485194,8.173712984,8.914387244,7.481248292,7117485.194,8173712.984,8914387.244,7481248.292,Samsung,US,,,,,,,,,,,,,,,,,,
2012,17.70375695,16.75738982,12.44138211,12.86198973,17703756.95,16757389.82,12441382.11,12861989.73,Samsung,US,,,,,,,,,,,,,,,,,,
2013,18.97722286,14.86330721,12.40528232,13.42184835,18977222.86,14863307.21,12405282.32,13421848.35,Samsung,US,,,,,,,,,,,,,,,,,,
2014,28.62354157,24.52324589,19.74424189,22.02716985,28623541.57,24523245.89,19744241.89,22027169.85,Samsung,US,,,,,,,,,,,,,,,,,,
2015,39.14041578,32.15011727,24.9811194,25.25442431,39140415.78,32150117.27,24981119.4,25254424.31,Samsung,US,,,,,,,,,,,,,,,,,,
2016,42.47867959,29.07841145,22.81283461,25.851895,42478679.59,29078411.45,22812834.61,25851895,Samsung,US,,,,,,,,,,,,,,,,,,
2017,36.63857055,23.75493475,19.2014376,21.84555465,36638570.55,23754934.75,19201437.6,21845554.65,Samsung,US,,,,,,,,,,,,,,,,,,
2018,31.92793239,21.5633294,17.0541077,19.36239976,31927932.39,21563329.4,17054107.7,19362399.76,Samsung,US,,,,,,,,,,,,,,,,,,
2010,9.507433167,9.518311237,9.137578787,15.33807868,9507433.167,9518311.237,9137578.787,15338078.68,Samsung,China,,,,,,,,,,,,,,,,,,
2011,18.17104328,20.8676082,22.75856036,19.09973576,18171043.28,20867608.2,22758560.36,19099735.76,Samsung,China,,,,,,,,,,,,,,,,,,
2012,30.296089,28.67658964,21.29069106,22.01046855,30296089,28676589.64,21290691.06,22010468.55,Samsung,China,,,,,,,,,,,,,,,,,,
2013,49.98179765,39.14665591,32.67276331,35.35017285,49981797.65,39146655.91,32672763.31,35350172.85,Samsung,China,,,,,,,,,,,,,,,,,,
2014,35.11290574,30.08301467,24.22054246,27.02104269,35112905.74,30083014.67,24220542.46,27021042.69,Samsung,China,,,,,,,,,,,,,,,,,,
2015,49.41378252,40.58870789,31.53802985,31.88307036,49413782.52,40588707.89,31538029.85,31883070.36,Samsung,China,,,,,,,,,,,,,,,,,,
2016,47.73585849,32.67716764,25.63616043,29.05133619,47735858.49,32677167.64,25636160.43,29051336.19,Samsung,China,,,,,,,,,,,,,,,,,,
2017,47.86162724,31.03150082,25.08318515,28.53724307,47861627.24,31031500.82,25083185.15,28537243.07,Samsung,China,,,,,,,,,,,,,,,,,,
2018,45.63521226,30.82088443,24.37576651,27.67505307,45635212.26,30820884.43,24375766.51,27675053.07,Samsung,China,,,,,,,,,,,,,,,,,,
2010,1.605151054,1.606987611,1.542708107,2.589545751,1605151.054,1606987.611,1542708.107,2589545.751,Samsung,Canada,,,,,,,,,,,,,,,,,,
2011,3.495854214,4.014635535,4.378428246,3.67452164,3495854.214,4014635.535,4378428.246,3674521.64,Samsung,Canada,,,,,,,,,,,,,,,,,,
2012,4.849910141,4.590654685,3.408292683,3.52351733,4849910.141,4590654.685,3408292.683,3523517.33,Samsung,Canada,,,,,,,,,,,,,,,,,,
2013,11.0250726,8.635038027,7.207015441,7.797603134,11025072.6,8635038.027,7207015.441,7797603.134,Samsung,Canada,,,,,,,,,,,,,,,,,,
2014,7.964219653,6.823352601,5.493641618,6.128843931,7964219.653,6823352.601,5493641.618,6128843.931,Samsung,Canada,,,,,,,,,,,,,,,,,,
2015,11.30546695,9.286362473,7.215641791,7.294584222,11305466.95,9286362.473,7215641.791,7294584.222,Samsung,Canada,,,,,,,,,,,,,,,,,,
2016,10.83450653,7.416667418,5.818584948,6.593720144,10834506.53,7416667.418,5818584.948,6593720.144,Samsung,Canada,,,,,,,,,,,,,,,,,,
2017,9.14766925,5.930970636,4.794084421,5.454249592,9147669.25,5930970.636,4794084.421,5454249.592,Samsung,Canada,,,,,,,,,,,,,,,,,,
2018,10.98709906,7.420412736,5.868691038,6.663024764,10987099.06,7420412.736,5868691.038,6663024.764,Samsung,Canada,,,,,,,,,,,,,,,,,,
2010,2.150332536,2.152792871,2.066681156,3.469071941,2150332.536,2152792.871,2066681.156,3469071.941,Samsung,Africa,,,,,,,,,,,,,,,,,,
2011,3.987863326,4.579658314,4.994651481,4.191676538,3987863.326,4579658.314,4994651.481,4191676.538,Samsung,Africa,,,,,,,,,,,,,,,,,,
2012,5.92766795,5.610800171,4.165691057,4.306521181,5927667.95,5610800.171,4165691.057,4306521.181,Samsung,Africa,,,,,,,,,,,,,,,,,,
2013,8.82226089,6.909755704,5.767052316,6.23964047,8822260.89,6909755.704,5767052.316,6239640.47,Samsung,Africa,,,,,,,,,,,,,,,,,,
2014,7.839424189,6.716433971,5.407558915,6.032807915,7839424.189,6716433.971,5407558.915,6032807.915,Samsung,Africa,,,,,,,,,,,,,,,,,,
2015,9.701742004,7.969055437,6.192074627,6.259818763,9701742.004,7969055.437,6192074.627,6259818.763,Samsung,Africa,,,,,,,,,,,,,,,,,,
2016,8.812514646,6.032530419,4.732690401,5.36316584,8812514.646,6032530.419,4732690.401,5363165.84,Samsung,Africa,,,,,,,,,,,,,,,,,,
2017,9.195562806,5.962022838,4.819184339,5.482805873,9195562.806,5962022.838,4819184.339,5482805.873,Samsung,Africa,,,,,,,,,,,,,,,,,,
2018,9.649803459,6.517236635,5.154382862,5.852034198,9649803.459,6517236.635,5154382.862,5852034.198,Samsung,Africa,,,,,,,,,,,,,,,,,,
2010,1.312614649,1.314116496,1.261551837,2.117604869,1312614.649,1314116.496,1261551.837,2117604.869,Samsung,MiddleEast,,,,,,,,,,,,,,,,,,
2011,2.596920273,2.982300683,3.252546697,2.729644647,2596920.273,2982300.683,3252546.697,2729644.647,Samsung,MiddleEast,,,,,,,,,,,,,,,,,,
2012,4.215934959,3.990569106,2.962764228,3.062926829,4215934.959,3990569.106,2962764.228,3062926.829,Samsung,MiddleEast,,,,,,,,,,,,,,,,,,
2013,6.960884997,5.451892141,4.550283475,4.923162019,6960884.997,5451892.141,4550283.475,4923162.019,Samsung,MiddleEast,,,,,,,,,,,,,,,,,,
2014,5.683866163,4.869657626,3.920675856,4.374004002,5683866.163,4869657.626,3920675.856,4374004.002,Samsung,MiddleEast,,,,,,,,,,,,,,,,,,
2015,8.272680171,6.795217484,5.279985075,5.337750533,8272680.171,6795217.484,5279985.075,5337750.533,Samsung,MiddleEast,,,,,,,,,,,,,,,,,,
2016,8.374416404,5.732634069,4.497413249,5.096545741,8374416.404,5732634.069,4497413.249,5096545.741,Samsung,MiddleEast,,,,,,,,,,,,,,,,,,
2017,8.317514274,5.392732463,4.359019168,4.959274062,8317514.274,5392732.463,4359019.168,4959274.062,Samsung,MiddleEast,,,,,,,,,,,,,,,,,,
2018,9.285086478,6.270915881,4.959571541,5.630854953,9285086.478,6270915.881,4959571.541,5630854.953,Samsung,MiddleEast,,,,,,,,,,,,,,,,,,
2010,0.112075636,0.112203869,0.107715714,0.18080852,112075.6357,112203.8687,107715.714,180808.5199,Samsung,Others,,,,,,,,,,,,,,,,,,
2011,0.077685649,0.089214123,0.097298405,0.081656036,77685.6492,89214.12301,97298.40547,81656.03645,Samsung,Others,,,,,,,,,,,,,,,,,,
2012,0.285288832,0.270038511,0.200487805,0.207265725,285288.8318,270038.5109,200487.8049,207265.7253,Samsung,Others,,,,,,,,,,,,,,,,,,
2013,0.815040332,0.63835446,0.532786356,0.576446186,815040.3319,638354.4596,532786.3563,576446.1858,Samsung,Others,,,,,,,,,,,,,,,,,,
2014,0.726082703,0.622072032,0.50084482,0.558755002,726082.7034,622072.032,500844.8199,558755.0022,Samsung,Others,,,,,,,,,,,,,,,,,,
2015,1.111492537,0.912985075,0.709402985,0.717164179,1111492.537,912985.0746,709402.9851,717164.1791,Samsung,Others,,,,,,,,,,,,,,,,,,
2016,0.556047769,0.380637675,0.298621,0.338402434,556047.7693,380637.6746,298621.0005,338402.4335,Samsung,Others,,,,,,,,,,,,,,,,,,
2017,0.622616232,0.40367863,0.32629894,0.371231648,622616.2316,403678.6297,326298.9396,371231.6476,Samsung,Others,,,,,,,,,,,,,,,,,,
2018,1.20052673,0.810805818,0.641253931,0.728048349,1200526.73,810805.8176,641253.9308,728048.3491,Samsung,Others,,,,,,,,,,,,,,,,,,
2010,7.528063464,7.536676809,7.235209737,12.14481634,7528063.464,7536676.809,7235209.737,12144816.34,RIM,UK,,,,,,,,,,,,,,,,,,
2011,15.09691116,17.3372779,18.90832346,15.86848975,15096911.16,17337277.9,18908323.46,15868489.75,RIM,UK,,,,,,,,,,,,,,,,,,
2012,13.67801455,12.94684638,9.612276423,9.937240051,13678014.55,12946846.38,9612276.423,9937240.051,RIM,UK,,,,,,,,,,,,,,,,,,
2013,30.7622655,24.09356764,20.10908504,21.75694861,30762265.5,24093567.64,20109085.04,21756948.61,RIM,UK,,,,,,,,,,,,,,,,,,
2014,11.61732325,9.953152512,8.013517119,8.940080036,11617323.25,9953152.512,8013517.119,8940080.036,RIM,UK,,,,,,,,,,,,,,,,,,
2015,11.57540085,9.50808742,7.387925373,7.468752665,11575400.85,9508087.42,7387925.373,7468752.665,RIM,UK,,,,,,,,,,,,,,,,,,
2016,8.087967553,5.536547995,4.343578188,4.922217215,8087967.553,5536547.995,4343578.188,4922217.215,RIM,UK,,,,,,,,,,,,,,,,,,
2017,2.506429445,1.625065253,1.313562398,1.494445351,2506429.445,1625065.253,1313562.398,1494445.351,RIM,UK,,,,,,,,,,,,,,,,,,
2018,0.547075472,0.369481132,0.292216981,0.331768868,547075.4717,369481.1321,292216.9811,331768.8679,RIM,UK,,,,,,,,,,,,,,,,,,
2010,5.30554662,5.31161704,5.099152358,8.559291458,5305546.62,5311617.04,5099152.358,8559291.458,RIM,US,,,,,,,,,,,,,,,,,,
2011,7.117485194,8.173712984,8.914387244,7.481248292,7117485.194,8173712.984,8914387.244,7481248.292,RIM,US,,,,,,,,,,,,,,,,,,
2012,21.91969191,20.74795892,15.40414634,15.92491656,21919691.91,20747958.92,15404146.34,15924916.56,RIM,US,,,,,,,,,,,,,,,,,,
2013,25.3433487,19.84937313,16.56677575,17.92436045,25343348.7,19849373.13,16566775.75,17924360.45,RIM,US,,,,,,,,,,,,,,,,,,
2014,33.16155847,28.41119609,22.87452201,25.51938862,33161558.47,28411196.09,22874522.01,25519388.62,RIM,US,,,,,,,,,,,,,,,,,,
2015,45.34889552,37.24979104,28.94364179,29.26029851,45348895.52,37249791.04,28943641.79,29260298.51,RIM,US,,,,,,,,,,,,,,,,,,
2016,48.08970708,32.91939162,25.82619198,29.26668319,48089707.08,32919391.62,25826191.98,29266683.19,RIM,US,,,,,,,,,,,,,,,,,,
2017,48.40442088,31.38342577,25.3676509,28.86088091,48404420.88,31383425.77,25367650.9,28860880.91,RIM,US,,,,,,,,,,,,,,,,,,
2018,48.96325472,33.06856132,26.15341981,29.69331368,48963254.72,33068561.32,26153419.81,29693313.68,RIM,US,,,,,,,,,,,,,,,,,,
2010,4.05181917,4.056455118,3.894196914,6.536687677,4051819.17,4056455.118,3894196.914,6536687.677,RIM,China,,,,,,,,,,,,,,,,,,
2011,9.259389522,10.6334738,11.59704328,9.732621868,9259389.522,10633473.8,11597043.28,9732621.868,RIM,China,,,,,,,,,,,,,,,,,,
2012,26.31789474,24.91105263,18.495,19.12026316,26317894.74,24911052.63,18495000,19120263.16,RIM,China,,,,,,,,,,,,,,,,,,
2013,30.64111086,23.99867711,20.02988707,21.67126066,30641110.86,23998677.11,20029887.07,21671260.66,RIM,China,,,,,,,,,,,,,,,,,,
2014,40.05934415,34.32088039,27.6325478,30.82756114,40059344.15,34320880.39,27632547.8,30827561.14,RIM,China,,,,,,,,,,,,,,,,,,
2015,54.84421748,45.04929211,35.00397015,35.38692964,54844217.48,45049292.11,35003970.15,35386929.64,RIM,China,,,,,,,,,,,,,,,,,,
2016,56.32932402,38.55974989,30.25121226,34.28119198,56329324.02,38559749.89,30251212.26,34281191.98,RIM,China,,,,,,,,,,,,,,,,,,
2017,59.24432912,38.41157423,31.0485991,35.32411909,59244329.12,38411574.23,31048599.1,35324119.09,RIM,China,,,,,,,,,,,,,,,,,,
2018,54.03889937,36.49652516,28.86454403,32.77139151,54038899.37,36496525.16,28864544.03,32771391.51,RIM,China,,,,,,,,,,,,,,,,,,
2010,0.864312106,0.865301022,0.830688981,1.394370789,864312.1061,865301.0215,830688.9807,1394370.789,RIM,Canada,,,,,,,,,,,,,,,,,,
2011,1.868154897,2.145387244,2.339794989,1.963633257,1868154.897,2145387.244,2339794.989,1963633.257,RIM,Canada,,,,,,,,,,,,,,,,,,
2012,5.729550706,5.423273427,4.026463415,4.16258665,5729550.706,5423273.427,4026463.415,4162586.65,RIM,Canada,,,,,,,,,,,,,,,,,,
2013,7.84200968,6.14200507,5.126268726,5.546347085,7842009.68,6142005.07,5126268.726,5546347.085,RIM,Canada,,,,,,,,,,,,,,,,,,
2014,10.2332281,8.767327701,7.058781681,7.874953313,10233228.1,8767327.701,7058781.681,7874953.313,RIM,Canada,,,,,,,,,,,,,,,,,,
2015,17.97442217,14.76427292,11.4720597,11.5975693,17974422.17,14764272.92,11472059.7,11597569.3,RIM,Canada,,,,,,,,,,,,,,,,,,
2016,20.80966652,14.24507661,11.17566471,12.66445471,20809666.52,14245076.61,11175664.71,12664454.71,RIM,Canada,,,,,,,,,,,,,,,,,,
2017,17.00221248,11.02353181,8.910471044,10.13747961,17002212.48,11023531.81,8910471.044,10137479.61,RIM,Canada,,,,,,,,,,,,,,,,,,
2018,17.70397013,11.95681997,9.456466195,10.7364092,17703970.13,11956819.97,9456466.195,10736409.2,RIM,Canada,,,,,,,,,,,,,,,,,,
2010,0.611667029,0.612366877,0.587872202,0.986785481,611667.0289,612366.8768,587872.2017,986785.4814,RIM,Africa,,,,,,,,,,,,,,,,,,
2011,1.816364465,2.085911162,2.274929385,1.9091959,1816364.465,2085911.162,2274929.385,1909195.9,RIM,Africa,,,,,,,,,,,,,,,,,,
2012,6.268429611,5.93334617,4.405162602,4.554088575,6268429.611,5933346.17,4405162.602,4554088.575,RIM,Africa,,,,,,,,,,,,,,,,,,
2013,6.982913114,5.469144964,4.564683107,4.938741646,6982913.114,5469144.964,4564683.107,4938741.646,RIM,Africa,,,,,,,,,,,,,,,,,,
2014,8.678957314,7.435704758,5.986660738,6.678868386,8678957.314,7435704.758,5986660.738,6678868.386,RIM,Africa,,,,,,,,,,,,,,,,,,
2015,16.59299574,13.6295629,10.59037313,10.70623667,16592995.74,13629562.9,10590373.13,10706236.67,RIM,Africa,,,,,,,,,,,,,,,,,,
2016,20.13566922,13.78369761,10.81369986,12.25426994,20135669.22,13783697.61,10813699.86,12254269.94,RIM,Africa,,,,,,,,,,,,,,,,,,
2017,16.14012847,10.46459217,8.458672512,9.623466558,16140128.47,10464592.17,8458672.512,9623466.558,RIM,Africa,,,,,,,,,,,,,,,,,,
2018,14.1631761,9.565455975,7.565172956,8.589127358,14163176.1,9565455.975,7565172.956,8589127.358,RIM,Africa,,,,,,,,,,,,,,,,,,
2010,0.573675288,0.574331667,0.5513584,0.925494458,573675.288,574331.667,551358.4003,925494.4577,RIM,MiddleEast,,,,,,,,,,,,,,,,,,
2011,1.727580866,1.983952164,2.163731207,1.815874715,1727580.866,1983952.164,2163731.207,1815874.715,RIM,MiddleEast,,,,,,,,,,,,,,,,,,
2012,4.770663243,4.515643988,3.352601626,3.465943517,4770663.243,4515643.988,3352601.626,3465943.517,RIM,MiddleEast,,,,,,,,,,,,,,,,,,
2013,8.128375202,6.366291772,5.313463932,5.748882231,8128375.202,6366291.772,5313463.932,5748882.231,RIM,MiddleEast,,,,,,,,,,,,,,,,,,
2014,8.973928413,7.688421521,6.190128946,6.905862606,8973928.413,7688421.521,6190128.946,6905862.606,RIM,MiddleEast,,,,,,,,,,,,,,,,,,
2015,11.48013006,9.429831557,7.327119403,7.40728145,11480130.06,9429831.557,7327119.403,7407281.45,RIM,MiddleEast,,,,,,,,,,,,,,,,,,
2016,13.86749437,9.492872916,7.447426769,8.4395516,13867494.37,9492872.916,7447426.769,8439551.6,RIM,MiddleEast,,,,,,,,,,,,,,,,,,
2017,14.87893148,9.646884176,7.797707993,8.871484502,14878931.48,9646884.176,7797707.993,8871484.502,RIM,MiddleEast,,,,,,,,,,,,,,,,,,
2018,15.36370283,10.37626179,8.206426887,9.317175708,15363702.83,10376261.79,8206426.887,9317175.708,RIM,MiddleEast,,,,,,,,,,,,,,,,,,
2010,0.060786785,0.060856336,0.058422082,0.098065638,60786.78548,60856.33558,58422.08216,98065.6379,RIM,Others,,,,,,,,,,,,,,,,,,
2011,0.107280182,0.123200456,0.134364465,0.112763098,107280.1822,123200.4556,134364.4647,112763.0979,RIM,Others,,,,,,,,,,,,,,,,,,
2012,0.562652974,0.532575952,0.395406504,0.408774069,562652.9739,532575.9521,395406.5041,408774.0693,RIM,Others,,,,,,,,,,,,,,,,,,
2013,0.440562342,0.345056465,0.287992625,0.311592533,440562.3416,345056.4646,287992.625,311592.5328,RIM,Others,,,,,,,,,,,,,,,,,,
2014,0.726082703,0.622072032,0.50084482,0.558755002,726082.7034,622072.032,500844.8199,558755.0022,RIM,Others,,,,,,,,,,,,,,,,,,
2015,0.968586354,0.795601279,0.61819403,0.624957356,968586.3539,795601.2793,618194.0299,624957.3561,RIM,Others,,,,,,,,,,,,,,,,,,
2016,1.179495268,0.807413249,0.633438486,0.717823344,1179495.268,807413.2492,633438.4858,717823.3438,RIM,Others,,,,,,,,,,,,,,,,,,
2017,1.468735726,0.952267537,0.769730832,0.875725938,1468735.726,952267.5367,769730.832,875725.938,RIM,Others,,,,,,,,,,,,,,,,,,
2018,1.185330189,0.800542453,0.633136792,0.718832547,1185330.189,800542.4528,633136.7925,718832.5472,RIM,Others,,,,,,,,,,,,,,,,,,
2010,0.003799174,0.003803521,0.00365138,0.006129102,3799.174093,3803.520974,3651.380135,6129.102369,HTC,UK,,,,,,,,,,,,,,,,,,
2011,1.039507973,1.193769932,1.30194533,1.092635535,1039507.973,1193769.932,1301945.33,1092635.535,HTC,UK,,,,,,,,,,,,,,,,,,
2012,3.84347454,3.638018828,2.70101626,2.79232991,3843474.54,3638018.828,2701016.26,2792329.91,HTC,UK,,,,,,,,,,,,,,,,,,
2013,8.271557963,6.478435123,5.407061535,5.850149804,8271557.963,6478435.123,5407061.535,5850149.804,HTC,UK,,,,,,,,,,,,,,,,,,
2014,4.05018008,3.469995554,2.793775011,3.116805247,4050180.08,3469995.554,2793775.011,3116805.247,HTC,UK,,,,,,,,,,,,,,,,,,
2015,6.017938166,4.943162047,3.840910448,3.88293177,6017938.166,4943162.047,3840910.448,3882931.77,HTC,UK,,,,,,,,,,,,,,,,,,
2016,4.549481749,3.114308247,2.443262731,2.768747183,4549481.749,3114308.247,2443262.731,2768747.183,HTC,UK,,,,,,,,,,,,,,,,,,
2017,3.017294046,1.956288744,1.581294861,1.799045677,3017294.046,1956288.744,1581294.861,1799045.677,HTC,UK,,,,,,,,,,,,,,,,,,
2018,1.534850629,1.036599843,0.819830975,0.930795991,1534850.629,1036599.843,819830.9748,930795.9906,HTC,UK,,,,,,,,,,,,,,,,,,
2010,3.521834384,3.525863943,3.384829385,5.681677896,3521834.384,3525863.943,3384829.385,5681677.896,HTC,US,,,,,,,,,,,,,,,,,,
2011,6.50709795,7.472744875,8.149899772,6.839665148,6507097.95,7472744.875,8149899.772,6839665.148,HTC,US,,,,,,,,,,,,,,,,,,
2012,13.17875909,12.47427899,9.261422764,9.574525032,13178759.09,12474278.99,9261422.764,9574525.032,HTC,US,,,,,,,,,,,,,,,,,,
2013,17.12686103,13.41407006,11.1957133,12.11315971,17126861.03,13414070.06,11195713.3,12113159.71,HTC,US,,,,,,,,,,,,,,,,,,
2014,20.16014006,17.27221876,13.90626945,15.51418186,20160140.06,17272218.76,13906269.45,15514181.86,HTC,US,,,,,,,,,,,,,,,,,,
2015,25.83426226,21.22038166,16.48855224,16.66894456,25834262.26,21220381.66,16488552.24,16668944.56,HTC,US,,,,,,,,,,,,,,,,,,
2016,30.71742677,21.0273479,16.49654799,18.6941708,30717426.77,21027347.9,16496547.99,18694170.8,HTC,US,,,,,,,,,,,,,,,,,,
2017,23.67538132,15.35013866,12.40772635,14.11632137,23675381.32,15350138.66,12407726.35,14116321.37,HTC,US,,,,,,,,,,,,,,,,,,
2018,19.63393082,13.2602673,10.48734277,11.90681604,19633930.82,13260267.3,10487342.77,11906816.04,HTC,US,,,,,,,,,,,,,,,,,,
2010,7.831997392,7.840958487,7.527320148,12.63514453,7831997.392,7840958.487,7527320.148,12635144.53,HTC,China,,,,,,,,,,,,,,,,,,
2011,16.73200911,19.21502278,20.95622323,17.5871549,16732009.11,19215022.78,20956223.23,17587154.9,HTC,China,,,,,,,,,,,,,,,,,,
2012,31.92065041,30.21430894,22.43235772,23.19073171,31920650.41,30214308.94,22432357.72,23190731.71,HTC,China,,,,,,,,,,,,,,,,,,
2013,38.79151417,30.38222171,25.35775063,27.43572252,38791514.17,30382221.71,25357750.63,27435722.52,HTC,China,,,,,,,,,,,,,,,,,,
2014,42.69139395,36.57589151,29.44811027,32.85304802,42691393.95,36575891.51,29448110.27,32853048.02,HTC,China,,,,,,,,,,,,,,,,,,
2015,56.67024094,46.54919616,36.16941791,36.56512793,56670240.94,46549196.16,36169417.91,36565127.93,HTC,China,,,,,,,,,,,,,,,,,,
2016,55.95862551,38.30599144,30.05213159,34.05559036,55958625.51,38305991.44,30052131.59,34055590.36,HTC,China,,,,,,,,,,,,,,,,,,
2017,68.42392741,44.36324633,35.8594168,40.7974062,68423927.41,44363246.33,35859416.8,40797406.2,HTC,China,,,,,,,,,,,,,,,,,,
2018,59.69201258,40.31449686,31.8841195,36.19966981,59692012.58,40314496.86,31884119.5,36199669.81,HTC,China,,,,,,,,,,,,,,,,,,
2010,2.123738318,2.126168224,2.041121495,3.426168224,2123738.318,2126168.224,2041121.495,3426168.224,HTC,Canada,,,,,,,,,,,,,,,,,,
2011,3.784400911,4.346002278,4.739822323,3.97781549,3784400.911,4346002.278,4739822.323,3977815.49,HTC,Canada,,,,,,,,,,,,,,,,,,
2012,9.683970903,9.166307231,6.805447154,7.035519897,9683970.903,9166307.231,6805447.154,7035519.897,HTC,Canada,,,,,,,,,,,,,,,,,,
2013,16.87353768,13.2156626,11.03011754,11.93399401,16873537.68,13215662.6,11030117.54,11933994.01,HTC,Canada,,,,,,,,,,,,,,,,,,
2014,15.13428635,12.96631392,10.43948422,11.64654958,15134286.35,12966313.92,10439484.22,11646549.58,HTC,Canada,,,,,,,,,,,,,,,,,,
2015,23.62715565,19.40745416,15.0798806,15.24486141,23627155.65,19407454.16,15079880.6,15244861.41,HTC,Canada,,,,,,,,,,,,,,,,,,
2016,26.97674178,18.46669446,14.48764308,16.41764534,26976741.78,18466694.46,14487643.08,16417645.34,HTC,Canada,,,,,,,,,,,,,,,,,,
2017,20.61019372,13.36279772,10.80133157,12.28871941,20610193.72,13362797.72,10801331.57,12288719.41,HTC,Canada,,,,,,,,,,,,,,,,,,
2018,25.13507862,16.97560535,13.42574686,15.24293632,25135078.62,16975605.35,13425746.86,15242936.32,HTC,Canada,,,,,,,,,,,,,,,,,,
2010,2.870276027,2.873560096,2.758617692,4.63053684,2870276.027,2873560.096,2758617.692,4630536.84,HTC,Africa,,,,,,,,,,,,,,,,,,
2011,5.408400911,6.211002278,6.773822323,5.68481549,5408400.911,6211002.278,6773822.323,5684815.49,HTC,Africa,,,,,,,,,,,,,,,,,,
2012,9.596799315,9.083795464,6.744186992,6.972188703,9596799.315,9083795.464,6744186.992,6972188.703,HTC,Africa,,,,,,,,,,,,,,,,,,
2013,17.00570638,13.31917953,11.11651533,12.02747177,17005706.38,13319179.53,11116515.33,12027471.77,HTC,Africa,,,,,,,,,,,,,,,,,,
2014,18.69662961,16.01835482,12.89675411,14.38794131,18696629.61,16018354.82,12896754.11,14387941.31,HTC,Africa,,,,,,,,,,,,,,,,,,
2015,23.05553092,18.93791898,14.71504478,14.87603412,23055530.92,18937918.98,14715044.78,14876034.12,HTC,Africa,,,,,,,,,,,,,,,,,,
2016,25.9994457,17.79769491,13.96279405,15.82287742,25999445.7,17797694.91,13962794.05,15822877.42,HTC,Africa,,,,,,,,,,,,,,,,,,
2017,22.27050367,14.43927406,11.67146207,13.27867047,22270503.67,14439274.06,11671462.07,13278670.47,HTC,Africa,,,,,,,,,,,,,,,,,,
2018,23.14433176,15.63110456,12.36240173,14.03566627,23144331.76,15631104.56,12362401.73,14035666.27,HTC,Africa,,,,,,,,,,,,,,,,,,
2010,1.605151054,1.606987611,1.542708107,2.589545751,1605151.054,1606987.611,1542708.107,2589545.751,HTC,MiddleEast,,,,,,,,,,,,,,,,,,
2011,2.097512528,2.408781321,2.627056948,2.204712984,2097512.528,2408781.321,2627056.948,2204712.984,HTC,MiddleEast,,,,,,,,,,,,,,,,,,
2012,6.696362858,6.338403937,4.705894309,4.864987163,6696362.858,6338403.937,4705894.309,4864987.163,HTC,MiddleEast,,,,,,,,,,,,,,,,,,
2013,8.128375202,6.366291772,5.313463932,5.748882231,8128375.202,6366291.772,5313463.932,5748882.231,HTC,MiddleEast,,,,,,,,,,,,,,,,,,
2014,9.098723877,7.795340151,6.27621165,7.001898622,9098723.877,7795340.151,6276211.65,7001898.622,HTC,MiddleEast,,,,,,,,,,,,,,,,,,
2015,15.57677399,12.79483369,9.941776119,10.05054371,15576773.99,12794833.69,9941776.119,10050543.71,HTC,MiddleEast,,,,,,,,,,,,,,,,,,
2016,14.74369085,10.09266562,7.917981073,8.972791798,14743690.85,10092665.62,7917981.073,8972791.798,HTC,MiddleEast,,,,,,,,,,,,,,,,,,
2017,12.21285685,7.918311582,6.400479201,7.28185155,12212856.85,7918311.582,6400479.201,7281851.55,HTC,MiddleEast,,,,,,,,,,,,,,,,,,
2018,12.97784591,8.764913522,6.932036164,7.870294811,12977845.91,8764913.522,6932036.164,7870294.811,HTC,MiddleEast,,,,,,,,,,,,,,,,,,
2010,1.039074114,1.040262986,0.998652467,1.676309498,1039074.114,1040262.986,998652.4669,1676309.498,HTC,Others,,,,,,,,,,,,,,,,,,
2011,1.424236902,1.635592255,1.7838041,1.497027335,1424236.902,1635592.255,1783804.1,1497027.335,HTC,Others,,,,,,,,,,,,,,,,,,
2012,4.326880616,4.095584082,3.040731707,3.143530167,4326880.616,4095584.082,3040731.707,3143530.167,HTC,Others,,,,,,,,,,,,,,,,,,
2013,3.943032957,3.088255358,2.577533994,2.788753169,3943032.957,3088255.358,2577533.994,2788753.169,HTC,Others,,,,,,,,,,,,,,,,,,
2014,3.619068475,3.100640285,2.496398399,2.785044464,3619068.475,3100640.285,2496398.399,2785044.464,HTC,Others,,,,,,,,,,,,,,,,,,
2015,8.002746269,6.573492537,5.107701493,5.16358209,8002746.269,6573492.537,5107701.493,5163582.09,HTC,Others,,,,,,,,,,,,,,,,,,
2016,9.553911672,6.540047319,5.130851735,5.814369085,9553911.672,6540047.319,5130851.735,5814369.085,HTC,Others,,,,,,,,,,,,,,,,,,
2017,9.435030587,6.11728385,4.944683931,5.625587276,9435030.587,6117283.85,4944683.931,5625587.276,HTC,Others,,,,,,,,,,,,,,,,,,
2018,9.847358491,6.650660377,5.25990566,5.971839623,9847358.491,6650660.377,5259905.66,5971839.623,HTC,Others,,,,,,,,,,,,,,,,,,
2010,1.242329928,1.243751358,1.194001304,2.004216475,1242329.928,1243751.358,1194001.304,2004216.475,Nokia,UK,,,,,,,,,,,,,,,,,,
2011,1.387243736,1.593109339,1.737471526,1.458143508,1387243.736,1593109.339,1737471.526,1458143.508,Nokia,UK,,,,,,,,,,,,,,,,,,
2012,2.829114249,2.6778819,1.988170732,2.055385109,2829114.249,2677881.9,1988170.732,2055385.109,Nokia,UK,,,,,,,,,,,,,,,,,,
2013,2.555261581,2.001327495,1.670357225,1.80723669,2555261.581,2001327.495,1670357.225,1807236.69,Nokia,UK,,,,,,,,,,,,,,,,,,
2014,6.137667852,5.258452646,4.233703868,4.723225878,6137667.852,5258452.646,4233703.868,4723225.878,Nokia,UK,,,,,,,,,,,,,,,,,,
2015,4.668268657,3.834537313,2.979492537,3.012089552,4668268.657,3834537.313,2979492.537,3012089.552,Nokia,UK,,,,,,,,,,,,,,,,,,
2016,3.218337089,2.203084723,1.728382154,1.958632267,3218337.089,2203084.723,1728382.154,1958632.267,Nokia,UK,,,,,,,,,,,,,,,,,,
2017,1.54855832,1.004021207,0.811564029,0.923319739,1548558.32,1004021.207,811564.0294,923319.739,Nokia,UK,,,,,,,,,,,,,,,,,,
2018,1.170133648,0.790279088,0.625019654,0.709616745,1170133.648,790279.0881,625019.6541,709616.7453,Nokia,UK,,,,,,,,,,,,,,,,,,
2010,5.742451641,5.749021952,5.519061074,9.264138231,5742451.641,5749021.952,5519061.074,9264138.231,Nokia,US,,,,,,,,,,,,,,,,,,
2011,11.88590433,13.64976082,14.88665604,12.49337358,11885904.33,13649760.82,14886656.04,12493373.58,Nokia,US,,,,,,,,,,,,,,,,,,
2012,23.10047069,21.86561831,16.23394309,16.78276637,23100470.69,21865618.31,16233943.09,16782766.37,Nokia,US,,,,,,,,,,,,,,,,,,
2013,31.09268726,24.35235999,20.32507951,21.99064301,31092687.26,24352359.99,20325079.51,21990643.01,Nokia,US,,,,,,,,,,,,,,,,,,
2014,28.62354157,24.52324589,19.74424189,22.02716985,28623541.57,24523245.89,19744241.89,22027169.85,Nokia,US,,,,,,,,,,,,,,,,,,
2015,44.18976759,36.29767804,28.20383582,28.51239872,44189767.59,36297678.04,28203835.82,28512398.72,Nokia,US,,,,,,,,,,,,,,,,,,
2016,41.34973411,28.30560162,22.20654349,25.16483551,41349734.11,28305601.62,22206543.49,25164835.51,Nokia,US,,,,,,,,,,,,,,,,,,
2017,35.40930261,22.95792822,18.55720636,21.11261011,35409302.61,22957928.22,18557206.36,21112610.11,Nokia,US,,,,,,,,,,,,,,,,,,
2018,37.36829403,25.23761399,19.96004324,22.66165684,37368294.03,25237613.99,19960043.24,22661656.84,Nokia,US,,,,,,,,,,,,,,,,,,
2010,3.271088894,3.274831558,3.143838296,5.27715714,3271088.894,3274831.558,3143838.296,5277157.14,Nokia,China,,,,,,,,,,,,,,,,,,
2011,7.51701139,8.632528474,9.414779043,7.901193622,7517011.39,8632528.474,9414779.043,7901193.622,Nokia,China,,,,,,,,,,,,,,,,,,
2012,14.69237484,13.90698331,10.32512195,10.67418485,14692374.84,13906983.31,10325121.95,10674184.85,Nokia,China,,,,,,,,,,,,,,,,,,
2013,18.40449182,14.41473381,12.03089191,13.01677806,18404491.82,14414733.81,12030891.91,13016778.06,Nokia,China,,,,,,,,,,,,,,,,,,
2014,16.69990218,14.30765674,11.51943086,12.85136505,16699902.18,14307656.74,11519430.86,12851365.05,Nokia,China,,,,,,,,,,,,,,,,,,
2015,30.50253092,25.05491898,19.46804478,19.68103412,30502530.92,25054918.98,19468044.78,19681034.12,Nokia,China,,,,,,,,,,,,,,,,,,
2016,28.59433529,19.57400406,15.35635872,17.40208878,28594335.29,19574004.06,15356358.72,17402088.78,Nokia,China,,,,,,,,,,,,,,,,,,
2017,28.56052406,18.5174633,14.96791803,17.02906199,28560524.06,18517463.3,14967918.03,17029061.99,Nokia,China,,,,,,,,,,,,,,,,,,
2018,25.18066824,17.00639544,13.45009827,15.27058373,25180668.24,17006395.44,13450098.27,15270583.73,Nokia,China,,,,,,,,,,,,,,,,,,
2010,2.123738318,2.126168224,2.041121495,3.426168224,2123738.318,2126168.224,2041121.495,3426168.224,Nokia,Canada,,,,,,,,,,,,,,,,,,
2011,4.816510251,5.531275626,6.032501139,5.06267426,4816510.251,5531275.626,6032501.139,5062674.26,Nokia,Canada,,,,,,,,,,,,,,,,,,
2012,12.22779632,11.57415062,8.593130081,8.883639281,12227796.32,11574150.62,8593130.081,8883639.281,Nokia,Canada,,,,,,,,,,,,,,,,,,
2013,19.62705232,15.3722655,12.83007145,13.88144734,19627052.32,15372265.5,12830071.45,13881447.34,Nokia,Canada,,,,,,,,,,,,,,,,,,
2014,18.74200978,16.05723433,12.92805691,14.42286349,18742009.78,16057234.33,12928056.91,14422863.49,Nokia,Canada,,,,,,,,,,,,,,,,,,
2015,22.05518763,18.11623241,14.07658209,14.23058635,22055187.63,18116232.41,14076582.09,14230586.35,Nokia,Canada,,,,,,,,,,,,,,,,,,
2016,25.98259576,17.78616043,13.95374493,15.8126228,25982595.76,17786160.43,13953744.93,15812622.8,Nokia,Canada,,,,,,,,,,,,,,,,,,
2017,28.04965946,18.1862398,14.70018556,16.72446166,28049659.46,18186239.8,14700185.56,16724461.66,Nokia,Canada,,,,,,,,,,,,,,,,,,
2018,21.77664308,14.70740173,11.63185928,13.2062441,21776643.08,14707401.73,11631859.28,13206244.1,Nokia,Canada,,,,,,,,,,,,,,,,,,
2010,3.840965008,3.845359704,3.691545316,6.196522495,3840965.008,3845359.704,3691545.316,6196522.495,Nokia,Africa,,,,,,,,,,,,,,,,,,
2011,6.751252847,7.753132118,8.455694761,7.096298405,6751252.847,7753132.118,8455694.761,7096298.405,Nokia,Africa,,,,,,,,,,,,,,,,,,
2012,12.90139495,12.21174155,9.066504065,9.373016688,12901394.95,12211741.55,9066504.065,9373016.688,Nokia,Africa,,,,,,,,,,,,,,,,,,
2013,20.65135976,16.17452178,13.4996543,14.60589998,20651359.76,16174521.78,13499654.3,14605899.98,Nokia,Africa,,,,,,,,,,,,,,,,,,
2014,25.15195865,21.54896398,17.34957759,19.3556225,25151958.65,21548963.98,17349577.59,19355622.5,Nokia,Africa,,,,,,,,,,,,,,,,,,
2015,34.85323028,28.62860341,22.24485075,22.48821962,34853230.28,28628603.41,22244850.75,22488219.62,Nokia,Africa,,,,,,,,,,,,,,,,,,
2016,39.46254169,27.01374042,21.19304191,24.01631816,39462541.69,27013740.42,21193041.91,24016318.16,Nokia,Africa,,,,,,,,,,,,,,,,,,
2017,40.26251631,26.10455139,21.10066476,24.00631321,40262516.31,26104551.39,21100664.76,24006313.21,Nokia,Africa,,,,,,,,,,,,,,,,,,
2018,40.60515723,27.42371069,21.68899371,24.62462264,40605157.23,27423710.69,21688993.71,24624622.64,Nokia,Africa,,,,,,,,,,,,,,,,,,
2010,2.547346229,2.550260813,2.44825038,4.109563138,2547346.229,2550260.813,2448250.38,4109563.138,Nokia,MiddleEast,,,,,,,,,,,,,,,,,,
2011,3.784400911,4.346002278,4.739822323,3.97781549,3784400.911,4346002.278,4739822.323,3977815.49,Nokia,MiddleEast,,,,,,,,,,,,,,,,,,
2012,9.057920411,8.573722721,6.365487805,6.580686778,9057920.411,8573722.721,6365487.805,6580686.778,Nokia,MiddleEast,,,,,,,,,,,,,,,,,,
2013,10.5184259,8.238223093,6.875823923,7.439271722,10518425.9,8238223.093,6875823.923,7439271.722,Nokia,MiddleEast,,,,,,,,,,,,,,,,,,
2014,11.58328813,9.923992886,7.990040018,8.913888395,11583288.13,9923992.886,7990040.018,8913888.395,Nokia,MiddleEast,,,,,,,,,,,,,,,,,,
2015,15.2115693,12.49485288,9.708686567,9.814904051,15211569.3,12494852.88,9708686.567,9814904.051,Nokia,MiddleEast,,,,,,,,,,,,,,,,,,
2016,18.92247409,12.95321541,10.16216314,11.51593736,18922474.09,12953215.41,10162163.14,11515937.36,Nokia,MiddleEast,,,,,,,,,,,,,,,,,,
2017,15.2301509,9.874600326,7.981774062,9.080897227,15230150.9,9874600.326,7981774.062,9080897.227,Nokia,MiddleEast,,,,,,,,,,,,,,,,,,
2018,16.5034434,11.14601415,8.815212264,10.00836085,16503443.4,11146014.15,8815212.264,10008360.85,Nokia,MiddleEast,,,,,,,,,,,,,,,,,,
2010,0.227950446,0.228211258,0.219082808,0.367746142,227950.4456,228211.2584,219082.8081,367746.1421,Nokia,Others,,,,,,,,,,,,,,,,,,
2011,0.850842825,0.977107062,1.065649203,0.894328018,850842.8246,977107.0615,1065649.203,894328.0182,Nokia,Others,,,,,,,,,,,,,,,,,,
2012,4.437826273,4.200599059,3.118699187,3.224133504,4437826.273,4200599.059,3118699.187,3224133.504,Nokia,Others,,,,,,,,,,,,,,,,,,
2013,7.291306753,5.71068449,4.766277944,5.156856419,7291306.753,5710684.49,4766277.944,5156856.419,Nokia,Others,,,,,,,,,,,,,,,,,,
2014,6.512054246,5.579208537,4.491951979,5.011333926,6512054.246,5579208.537,4491951.979,5011333.926,Nokia,Others,,,,,,,,,,,,,,,,,,
2015,7.304093817,5.999616205,4.661791045,4.712793177,7304093.817,5999616.205,4661791.045,4712793.177,Nokia,Others,,,,,,,,,,,,,,,,,,
2016,10.96930599,7.508943218,5.890977918,6.675757098,10969305.99,7508943.218,5890977.918,6675757.098,Nokia,Others,,,,,,,,,,,,,,,,,,
2017,10.58447594,6.862536705,5.547081974,6.31093801,10584475.94,6862536.705,5547081.974,6310938.01,Nokia,Others,,,,,,,,,,,,,,,,,,
2018,9.361069182,6.322232704,5.000157233,5.676933962,9361069.182,6322232.704,5000157.233,5676933.962,Nokia,Others,,,,,,,,,,,,,,,,,,
2010,0.875709628,0.876711584,0.841643121,1.412758096,875709.6283,876711.5844,841643.1211,1412758.096,SonyEricsson,UK,,,,,,,,,,,,,,,,,,
2011,1.350250569,1.550626424,1.691138952,1.419259681,1350250.569,1550626.424,1691138.952,1419259.681,SonyEricsson,UK,,,,,,,,,,,,,,,,,,
2012,1.73550706,1.642734275,1.219634146,1.260866496,1735507.06,1642734.275,1219634.146,1260866.496,SonyEricsson,UK,,,,,,,,,,,,,,,,,,
2013,3.150020742,2.467153722,2.059147269,2.22788661,3150020.742,2467153.722,2059147.269,2227886.61,SonyEricsson,UK,,,,,,,,,,,,,,,,,,
2014,3.993454869,3.421396176,2.75464651,3.073152512,3993454.869,3421396.176,2754646.51,3073152.512,SonyEricsson,UK,,,,,,,,,,,,,,,,,,
2015,6.827739872,5.608336887,4.357761194,4.4054371,6827739.872,5608336.887,4357761.194,4405437.1,SonyEricsson,UK,,,,,,,,,,,,,,,,,,
2016,6.723123028,4.602255521,3.610599369,4.09159306,6723123.028,4602255.521,3610599.369,4091593.06,SonyEricsson,UK,,,,,,,,,,,,,,,,,,
2017,5.571617047,3.612406199,2.919957178,3.322047308,5571617.047,3612406.199,2919957.178,3322047.308,SonyEricsson,UK,,,,,,,,,,,,,,,,,,
2018,4.741320755,3.202169811,2.53254717,2.875330189,4741320.755,3202169.811,2532547.17,2875330.189,SonyEricsson,UK,,,,,,,,,,,,,,,,,,
2010,6.787224516,6.79499022,6.523190611,10.94964138,6787224.516,6794990.22,6523190.611,10949641.38,SonyEricsson,US,,,,,,,,,,,,,,,,,,
2011,12.15595444,13.9598861,15.22488383,12.77722551,12155954.44,13959886.1,15224883.83,12777225.51,SonyEricsson,US,,,,,,,,,,,,,,,,,,
2012,23.82161746,22.54821566,16.74073171,17.30668806,23821617.46,22548215.66,16740731.71,17306688.06,SonyEricsson,US,,,,,,,,,,,,,,,,,,
2013,37.29360221,29.20902973,24.37857571,26.37630791,37293602.21,29209029.73,24378575.71,26376307.91,SonyEricsson,US,,,,,,,,,,,,,,,,,,
2014,33.27500889,28.50839484,22.95277901,25.60669409,33275008.89,28508394.84,22952779.01,25606694.09,SonyEricsson,US,,,,,,,,,,,,,,,,,,
2015,41.64921322,34.21085501,26.58234328,26.87316631,41649213.22,34210855.01,26582343.28,26873166.31,SonyEricsson,US,,,,,,,,,,,,,,,,,,
2016,46.59006309,31.89282334,25.02082019,28.35402208,46590063.09,31892823.34,25020820.19,28354022.08,SonyEricsson,US,,,,,,,,,,,,,,,,,,
2017,40.6775938,26.37367047,21.31819739,24.25380098,40677593.8,26373670.47,21318197.39,24253800.98,SonyEricsson,US,,,,,,,,,,,,,,,,,,
2018,35.37754717,23.89311321,18.89669811,21.45438679,35377547.17,23893113.21,18896698.11,21454386.79,SonyEricsson,US,,,,,,,,,,,,,,,,,,
2010,3.901751793,3.90621604,3.749967398,6.294588133,3901751.793,3906216.04,3749967.398,6294588.133,SonyEricsson,China,,,,,,,,,,,,,,,,,,
2011,6.928820046,7.957050114,8.678091116,7.282940774,6928820.046,7957050.114,8678091.116,7282940.774,SonyEricsson,China,,,,,,,,,,,,,,,,,,
2012,15.93655113,15.08465126,11.19947154,11.57809371,15936551.13,15084651.26,11199471.54,11578093.71,SonyEricsson,China,,,,,,,,,,,,,,,,,,
2013,20.30992395,15.90710302,13.27646001,14.36441576,20309923.95,15907103.02,13276460.01,14364415.76,SonyEricsson,China,,,,,,,,,,,,,,,,,,
2014,18.96891063,16.25163184,13.08457092,14.59747443,18968910.63,16251631.84,13084570.92,14597474.43,SonyEricsson,China,,,,,,,,,,,,,,,,,,
2015,33.09072068,27.18086994,21.1199403,21.35100213,33090720.68,27180869.94,21119940.3,21351002.13,SonyEricsson,China,,,,,,,,,,,,,,,,,,
2016,31.82952231,21.78862325,17.09379,19.37097566,31829522.31,21788623.25,17093790,19370975.66,SonyEricsson,China,,,,,,,,,,,,,,,,,,
2017,33.98846044,22.03671289,17.81257545,20.26544046,33988460.44,22036712.89,17812575.45,20265440.46,SonyEricsson,China,,,,,,,,,,,,,,,,,,
2018,34.11623428,23.04125393,18.22297563,20.68947524,34116234.28,23041253.93,18222975.63,20689475.24,SonyEricsson,China,,,,,,,,,,,,,,,,,,
2010,1.373401434,1.374972832,1.319973919,2.215670506,1373401.434,1374972.832,1319973.919,2215670.506,SonyEricsson,Canada,,,,,,,,,,,,,,,,,,
2011,3.495854214,4.014635535,4.378428246,3.67452164,3495854.214,4014635.535,4378428.246,3674521.64,SonyEricsson,Canada,,,,,,,,,,,,,,,,,,
2012,8.091108258,7.658592212,5.686056911,5.878286264,8091108.258,7658592.212,5686056.911,5878286.264,SonyEricsson,Canada,,,,,,,,,,,,,,,,,,
2013,13.56932012,10.62773911,8.870172851,9.597050012,13569320.12,10627739.11,8870172.851,9597050.012,SonyEricsson,Canada,,,,,,,,,,,,,,,,,,
2014,12.42282125,10.64326367,8.569141841,9.559948866,12422821.25,10643263.67,8569141.841,9559948.866,SonyEricsson,Canada,,,,,,,,,,,,,,,,,,
2015,20.83254584,17.11194883,13.29623881,13.44170576,20832545.84,17111948.83,13296238.81,13441705.76,SonyEricsson,Canada,,,,,,,,,,,,,,,,,,
2016,20.86021631,14.27968004,11.20281208,12.69521857,20860216.31,14279680.04,11202812.08,12695218.57,SonyEricsson,Canada,,,,,,,,,,,,,,,,,,
2017,18.64655791,12.08965742,9.77223491,11.11791191,18646557.91,12089657.42,9772234.91,11117911.91,SonyEricsson,Canada,,,,,,,,,,,,,,,,,,
2018,21.19917453,14.31739387,11.32340802,12.85604363,21199174.53,14317393.87,11323408.02,12856043.63,SonyEricsson,Canada,,,,,,,,,,,,,,,,,,
2010,3.502838513,3.506846338,3.366572484,5.651032384,3502838.513,3506846.338,3366572.484,5651032.384,SonyEricsson,Africa,,,,,,,,,,,,,,,,,,
2011,7.480018223,8.590045558,9.368446469,7.862309795,7480018.223,8590045.558,9368446.469,7862309.795,SonyEricsson,Africa,,,,,,,,,,,,,,,,,,
2012,17.71168164,16.76489089,12.44695122,12.86774711,17711681.64,16764890.89,12446951.22,12867747.11,SonyEricsson,Africa,,,,,,,,,,,,,,,,,,
2013,20.60730353,16.14001613,13.47085504,14.57474072,20607303.53,16140016.13,13470855.04,14574740.72,SonyEricsson,Africa,,,,,,,,,,,,,,,,,,
2014,25.35616941,21.72392174,17.4904402,19.51277234,25356169.41,21723921.74,17490440.2,19512772.34,SonyEricsson,Africa,,,,,,,,,,,,,,,,,,
2015,32.61436674,26.78959062,20.81591045,21.04364606,32614366.74,26789590.62,20815910.45,21043646.06,SonyEricsson,Africa,,,,,,,,,,,,,,,,,,
2016,36.8676521,25.23743128,19.79947724,22.4371068,36867652.1,25237431.28,19799477.24,22437106.8,SonyEricsson,Africa,,,,,,,,,,,,,,,,,,
2017,36.19156403,23.46511419,18.9671717,21.57902936,36191564.03,23465114.19,18967171.7,21579029.36,SonyEricsson,Africa,,,,,,,,,,,,,,,,,,
2018,36.48689465,24.64233884,19.48924921,22.12714033,36486894.65,24642338.84,19489249.21,22127140.33,SonyEricsson,Africa,,,,,,,,,,,,,,,,,,
2010,1.939478374,1.941697457,1.864029559,3.128906759,1939478.374,1941697.457,1864029.559,3128906.759,SonyEricsson,MiddleEast,,,,,,,,,,,,,,,,,,
2011,4.146933941,4.762334852,5.193881549,4.358876993,4146933.941,4762334.852,5193881.549,4358876.993,SonyEricsson,MiddleEast,,,,,,,,,,,,,,,,,,
2012,8.067334189,7.636089003,5.669349593,5.861014121,8067334.189,7636089.003,5669349.593,5861014.121,SonyEricsson,MiddleEast,,,,,,,,,,,,,,,,,,
2013,9.890624568,7.746517631,6.465434432,6.995252362,9890624.568,7746517.631,6465434.432,6995252.362,SonyEricsson,MiddleEast,,,,,,,,,,,,,,,,,,
2014,11.64001334,9.972592263,8.029168519,8.957541129,11640013.34,9972592.263,8029168.519,8957541.129,SonyEricsson,MiddleEast,,,,,,,,,,,,,,,,,,
2015,14.65582303,12.03836034,9.353985075,9.456321962,14655823.03,12038360.34,9353985.075,9456321.962,SonyEricsson,MiddleEast,,,,,,,,,,,,,,,,,,
2016,16.88363227,11.55754394,9.067219468,10.27512844,16883632.27,11557543.94,9067219.468,10275128.44,SonyEricsson,MiddleEast,,,,,,,,,,,,,,,,,,
2017,17.57693515,11.39615824,9.211670065,10.48015498,17576935.15,11396158.24,9211670.065,10480154.98,SonyEricsson,MiddleEast,,,,,,,,,,,,,,,,,,
2018,15.59165094,10.53021226,8.328183962,9.455412736,15591650.94,10530212.26,8328183.962,9455412.736,SonyEricsson,MiddleEast,,,,,,,,,,,,,,,,,,
2010,0.615466203,0.616170398,0.591523582,0.992914584,615466.203,616170.3977,591523.5818,992914.5838,SonyEricsson,Others,,,,,,,,,,,,,,,,,,
2011,1.435334852,1.64833713,1.797703872,1.508692483,1435334.852,1648337.13,1797703.872,1508692.483,SonyEricsson,Others,,,,,,,,,,,,,,,,,,
2012,3.883097989,3.675524176,2.728861789,2.821116816,3883097.989,3675524.176,2728861.789,2821116.816,SonyEricsson,Others,,,,,,,,,,,,,,,,,,
2013,5.319790274,4.16655681,3.477510947,3.762479834,5319790.274,4166556.81,3477510.947,3762479.834,SonyEricsson,Others,,,,,,,,,,,,,,,,,,
2014,7.79404402,6.677554469,5.376256114,5.997885727,7794044.02,6677554.469,5376256.114,5997885.727,SonyEricsson,Others,,,,,,,,,,,,,,,,,,
2015,9.114238806,7.486477612,5.817104478,5.880746269,9114238.806,7486477.612,5817104.478,5880746.269,SonyEricsson,Others,,,,,,,,,,,,,,,,,,
2016,8.745114917,5.986392519,4.696493916,5.322147364,8745114.917,5986392.519,4696493.916,5322147.364,SonyEricsson,Others,,,,,,,,,,,,,,,,,,
2017,6.992459217,4.533621533,3.664588091,4.169216966,6992459.217,4533621.533,3664588.091,4169216.966,SonyEricsson,Others,,,,,,,,,,,,,,,,,,
2018,4.452586478,3.007165881,2.378321541,2.700229953,4452586.478,3007165.881,2378321.541,2700229.953,SonyEricsson,Others,,,,,,,,,,,,,,,,,,
2010,0.001899587,0.00190176,0.00182569,0.003064551,1899.587046,1901.760487,1825.690067,3064.551185,Motorola,UK,,,,,,,,,,,,,,,,,,
2011,0.018496583,0.021241458,0.023166287,0.019441913,18496.58314,21241.45786,23166.28702,19441.91344,Motorola,UK,,,,,,,,,,,,,,,,,,
2012,0.221891314,0.210029953,0.155934959,0.161206675,221891.3136,210029.9529,155934.9593,161206.6752,Motorola,UK,,,,,,,,,,,,,,,,,,
2013,0.319407698,0.250165937,0.208794653,0.225904586,319407.6976,250165.9369,208794.6531,225904.5863,Motorola,UK,,,,,,,,,,,,,,,,,,
2014,1.043743886,0.894228546,0.719964429,0.803210316,1043743.886,894228.546,719964.4286,803210.3157,Motorola,UK,,,,,,,,,,,,,,,,,,
2015,2.127714286,1.747714286,1.358,1.372857143,2127714.286,1747714.286,1358000,1372857.143,Motorola,UK,,,,,,,,,,,,,,,,,,
2016,2.257890942,1.545619648,1.212582244,1.374118973,2257890.942,1545619.648,1212582.244,1374118.973,Motorola,UK,,,,,,,,,,,,,,,,,,
2017,2.458535889,1.594013051,1.28846248,1.46588907,2458535.889,1594013.051,1288462.48,1465889.07,Motorola,UK,,,,,,,,,,,,,,,,,,
2018,2.917735849,1.970566038,1.558490566,1.769433962,2917735.849,1970566.038,1558490.566,1769433.962,Motorola,UK,,,,,,,,,,,,,,,,,,
2010,4.095509672,4.10019561,3.936187785,6.607172354,4095509.672,4100195.61,3936187.785,6607172.354,Motorola,US,,,,,,,,,,,,,,,,,,
2011,7.195170843,8.262927107,9.011685649,7.562904328,7195170.843,8262927.107,9011685.649,7562904.328,Motorola,US,,,,,,,,,,,,,,,,,,
2012,16.09504493,15.23467266,11.31085366,11.69324134,16095044.93,15234672.66,11310853.66,11693241.34,Motorola,US,,,,,,,,,,,,,,,,,,
2013,20.91569717,16.38155566,13.67244987,14.7928555,20915697.17,16381555.66,13672449.87,14792855.5,Motorola,US,,,,,,,,,,,,,,,,,,
2014,18.74200978,16.05723433,12.92805691,14.42286349,18742009.78,16057234.33,12928056.91,14422863.49,Motorola,US,,,,,,,,,,,,,,,,,,
2015,33.85288699,27.80691684,21.60638806,21.84277186,33852886.99,27806916.84,21606388.06,21842771.86,Motorola,US,,,,,,,,,,,,,,,,,,
2016,33.88521406,23.1958292,18.19778279,20.62203921,33885214.06,23195829.2,18197782.79,20622039.21,Motorola,US,,,,,,,,,,,,,,,,,,
2017,30.84345024,19.99761827,16.16434747,18.3902447,30843450.24,19997618.27,16164347.47,18390244.7,Motorola,US,,,,,,,,,,,,,,,,,,
2018,30.72740566,20.75252358,16.41285377,18.63435142,30727405.66,20752523.58,16412853.77,18634351.42,Motorola,US,,,,,,,,,,,,,,,,,,
2010,7.072162573,7.080254293,6.797044121,11.40932406,7072162.573,7080254.293,6797044.121,11409324.06,Motorola,China,,,,,,,,,,,,,,,,,,
2011,13.3027426,15.27685649,16.66119362,13.98262415,13302742.6,15276856.49,16661193.62,13982624.15,Motorola,China,,,,,,,,,,,,,,,,,,
2012,26.37336757,24.96356012,18.53398374,19.16056483,26373367.57,24963560.12,18533983.74,19160564.83,Motorola,China,,,,,,,,,,,,,,,,,,
2013,38.06458631,29.81287854,24.8825628,26.92159484,38064586.31,29812878.54,24882562.8,26921594.84,Motorola,China,,,,,,,,,,,,,,,,,,
2014,35.43056692,30.35517119,24.43966207,27.265498,35430566.92,30355171.19,24439662.07,27265498,Motorola,China,,,,,,,,,,,,,,,,,,
2015,45.30126013,37.21066311,28.91323881,29.2295629,45301260.13,37210663.11,28913238.81,29229562.9,Motorola,China,,,,,,,,,,,,,,,,,,
2016,50.93734565,34.86871789,27.35549347,30.99971384,50937345.65,34868717.89,27355493.47,30999713.84,Motorola,China,,,,,,,,,,,,,,,,,,
2017,42.38579731,27.48119902,22.21342781,25.27230832,42385797.31,27481199.02,22213427.81,25272308.32,Motorola,China,,,,,,,,,,,,,,,,,,
2018,39.00952044,26.34605739,20.83669418,23.65696344,39009520.44,26346057.39,20836694.18,23656963.44,Motorola,China,,,,,,,,,,,,,,,,,,
2010,1.753318844,1.755324929,1.685111932,2.828580743,1753318.844,1755324.929,1685111.932,2828580.743,Motorola,Canada,,,,,,,,,,,,,,,,,,
2011,4.23571754,4.86429385,5.305079727,4.452198178,4235717.54,4864293.85,5305079.727,4452198.178,Motorola,Canada,,,,,,,,,,,,,,,,,,
2012,9.676046213,9.158806162,6.799878049,7.029762516,9676046.213,9158806.162,6799878.049,7029762.516,Motorola,Canada,,,,,,,,,,,,,,,,,,
2013,15.77213183,12.35302143,10.31013598,11.15501268,15772131.83,12353021.43,10310135.98,11155012.68,Motorola,Canada,,,,,,,,,,,,,,,,,,
2014,13.55732548,11.61525122,9.351711872,10.43300356,13557325.48,11615251.22,9351711.872,10433003.56,Motorola,Canada,,,,,,,,,,,,,,,,,,
2015,14.48115991,11.89489126,9.242507463,9.343624733,14481159.91,11894891.26,9242507.463,9343624.733,Motorola,Canada,,,,,,,,,,,,,,,,,,
2016,18.90562416,12.94168094,10.15311402,11.50568274,18905624.16,12941680.94,10153114.02,11505682.74,Motorola,Canada,,,,,,,,,,,,,,,,,,
2017,19.36496126,12.55544046,10.14873369,11.54625612,19364961.26,12555440.46,10148733.69,11546256.12,Motorola,Canada,,,,,,,,,,,,,,,,,,
2018,20.43934748,13.80422563,10.9175511,12.39525354,20439347.48,13804225.63,10917551.1,12395253.54,Motorola,Canada,,,,,,,,,,,,,,,,,,
2010,3.521834384,3.525863943,3.384829385,5.681677896,3521834.384,3525863.943,3384829.385,5681677.896,Motorola,Africa,,,,,,,,,,,,,,,,,,
2011,7.406031891,8.505079727,9.275781321,7.784542141,7406031.891,8505079.727,9275781.321,7784542.141,Motorola,Africa,,,,,,,,,,,,,,,,,,
2012,16.83996577,15.93977321,11.83434959,12.23443517,16839965.77,15939773.21,11834349.59,12234435.17,Motorola,Africa,,,,,,,,,,,,,,,,,,
2013,20.66237382,16.18314819,13.50685411,14.61368979,20662373.82,16183148.19,13506854.11,14613689.79,Motorola,Africa,,,,,,,,,,,,,,,,,,
2014,26.49067363,22.69590929,18.27301023,20.38582703,26490673.63,22695909.29,18273010.23,20385827.03,Motorola,Africa,,,,,,,,,,,,,,,,,,
2015,35.7900597,29.3981194,22.84277612,23.09268657,35790059.7,29398119.4,22842776.12,23092686.57,Motorola,Africa,,,,,,,,,,,,,,,,,,
2016,35.85665615,24.54536278,19.25652997,21.82182965,35856656.15,24545362.78,19256529.97,21821829.65,Motorola,Africa,,,,,,,,,,,,,,,,,,
2017,36.19156403,23.46511419,18.9671717,21.57902936,36191564.03,23465114.19,18967171.7,21579029.36,Motorola,Africa,,,,,,,,,,,,,,,,,,
2018,31.79116352,21.47095912,16.98105346,19.27945755,31791163.52,21470959.12,16981053.46,19279457.55,Motorola,Africa,,,,,,,,,,,,,,,,,,
2010,1.939478374,1.941697457,1.864029559,3.128906759,1939478.374,1941697.457,1864029.559,3128906.759,Motorola,MiddleEast,,,,,,,,,,,,,,,,,,
2011,4.146933941,4.762334852,5.193881549,4.358876993,4146933.941,4762334.852,5193881.549,4358876.993,Motorola,MiddleEast,,,,,,,,,,,,,,,,,,
2012,8.067334189,7.636089003,5.669349593,5.861014121,8067334.189,7636089.003,5669349.593,5861014.121,Motorola,MiddleEast,,,,,,,,,,,,,,,,,,
2013,9.890624568,7.746517631,6.465434432,6.995252362,9890624.568,7746517.631,6465434.432,6995252.362,Motorola,MiddleEast,,,,,,,,,,,,,,,,,,
2014,11.64001334,9.972592263,8.029168519,8.957541129,11640013.34,9972592.263,8029168.519,8957541.129,Motorola,MiddleEast,,,,,,,,,,,,,,,,,,
2015,14.65582303,12.03836034,9.353985075,9.456321962,14655823.03,12038360.34,9353985.075,9456321.962,Motorola,MiddleEast,,,,,,,,,,,,,,,,,,
2016,19.09097341,13.06856016,10.25265435,11.61848355,19090973.41,13068560.16,10252654.35,11618483.55,Motorola,MiddleEast,,,,,,,,,,,,,,,,,,
2017,20.03547104,12.99017129,10.50013254,11.94604405,20035471.04,12990171.29,10500132.54,11946044.05,Motorola,MiddleEast,,,,,,,,,,,,,,,,,,
2018,21.47271226,14.50213443,11.46951651,13.02192807,21472712.26,14502134.43,11469516.51,13021928.07,Motorola,MiddleEast,,,,,,,,,,,,,,,,,,
2010,0.611667029,0.612366877,0.587872202,0.986785481,611667.0289,612366.8768,587872.2017,986785.4814,Motorola,Others,,,,,,,,,,,,,,,,,,
2011,0.688072893,0.790182232,0.861785877,0.72323918,688072.8929,790182.2323,861785.877,723239.18,Motorola,Others,,,,,,,,,,,,,,,,,,
2012,1.973247754,1.867766367,1.386707317,1.433587933,1973247.754,1867766.367,1386707.317,1433587.933,Motorola,Others,,,,,,,,,,,,,,,,,,
2013,4.515764001,3.536828762,2.951924407,3.193823462,4515764.001,3536828.762,2951924.407,3193823.462,Motorola,Others,,,,,,,,,,,,,,,,,,
2014,6.546089373,5.608368164,4.51542908,5.037525567,6546089.373,5608368.164,4515429.08,5037525.567,Motorola,Others,,,,,,,,,,,,,,,,,,
2015,12.57574414,10.32977399,8.02638806,8.114200426,12575744.14,10329773.99,8026388.06,8114200.426,Motorola,Others,,,,,,,,,,,,,,,,,,
2016,7.565619648,5.17897927,4.06305543,4.60432402,7565619.648,5178979.27,4063055.43,4604324.02,Motorola,Others,,,,,,,,,,,,,,,,,,
2017,8.36540783,5.423784666,4.384119086,4.987830343,8365407.83,5423784.666,4384119.086,4987830.343,Motorola,Others,,,,,,,,,,,,,,,,,,
2018,5.607523585,3.787181604,2.995224057,3.400630896,5607523.585,3787181.604,2995224.057,3400630.896,Motorola,Others,,,,,,,,,,,,,,,,,,
2010,0.03229298,0.032329928,0.031036731,0.05209737,32292.97979,32329.92828,31036.73115,52097.37014,Google,UK,,,,,,,,,,,,,,,,,,
2011,0.051790433,0.059476082,0.064865604,0.054437358,51790.4328,59476.082,64865.60364,54437.35763,Google,UK,,,,,,,,,,,,,,,,,,
2012,0.459632007,0.435062045,0.32300813,0.333928113,459632.0068,435062.0454,323008.1301,333928.113,Google,UK,,,,,,,,,,,,,,,,,,
2013,0.308393639,0.241539525,0.201594838,0.218114773,308393.6391,241539.5252,201594.8375,218114.773,Google,UK,,,,,,,,,,,,,,,,,,
2014,1.032398844,0.884508671,0.712138728,0.794479769,1032398.844,884508.6705,712138.7283,794479.7688,Google,UK,,,,,,,,,,,,,,,,,,
2015,1.381426439,1.134710021,0.881686567,0.891332623,1381426.439,1134710.021,881686.5672,891332.6226,Google,UK,,,,,,,,,,,,,,,,,,
2016,1.027845877,0.703602974,0.551996395,0.625531771,1027845.877,703602.9743,551996.3948,625531.7711,Google,UK,,,,,,,,,,,,,,,,,,
2017,1.42084217,0.921215334,0.744630914,0.847169657,1420842.17,921215.3344,744630.9135,847169.6574,Google,UK,,,,,,,,,,,,,,,,,,
2018,1.580440252,1.067389937,0.84418239,0.958443396,1580440.252,1067389.937,844182.3899,958443.3962,Google,UK,,,,,,,,,,,,,,,,,,
2010,9.13891328,9.149369702,8.783394914,14.74355575,9138913.28,9149369.702,8783394.914,14743555.75,Google,US,,,,,,,,,,,,,,,,,,
2011,17.47187244,20.06468109,21.88287472,18.36483144,17471872.44,20064681.09,21882874.72,18364831.44,Google,US,,,,,,,,,,,,,,,,,,
2012,36.27130509,34.33239623,25.48979675,26.35153402,36271305.09,34332396.23,25489796.75,26351534.02,Google,US,,,,,,,,,,,,,,,,,,
2013,46.67758009,36.55873243,30.51281862,33.01322885,46677580.09,36558732.43,30512818.62,33013228.85,Google,US,,,,,,,,,,,,,,,,,,
2014,49.04461761,42.01902179,33.83050245,37.74215429,49044617.61,42019021.79,33830502.45,37742154.29,Google,US,,,,,,,,,,,,,,,,,,
2015,73.58080597,60.43961194,46.96247761,47.47626866,73580805.97,60439611.94,46962477.61,47476268.66,Google,US,,,,,,,,,,,,,,,,,,
2016,75.08329878,51.39762055,40.32288418,45.69458315,75083298.78,51397620.55,40322884.18,45694583.15,Google,US,,,,,,,,,,,,,,,,,,
2017,73.22924755,47.47881729,38.37777529,43.66255302,73229247.55,47478817.29,38377775.29,43662553.02,Google,US,,,,,,,,,,,,,,,,,,
2018,65.77062893,44.41984277,35.13097484,39.88599057,65770628.93,44419842.77,35130974.84,39885990.57,Google,US,,,,,,,,,,,,,,,,,,
2010,3.500938926,3.504944577,3.364746794,5.647967833,3500938.926,3504944.577,3364746.794,5647967.833,Google,China,,,,,,,,,,,,,,,,,,
2011,5.748738041,6.601845103,7.200082005,6.042546697,5748738.041,6601845.103,7200082.005,6042546.697,Google,China,,,,,,,,,,,,,,,,,,
2012,13.97122807,13.22438596,9.818333333,10.15026316,13971228.07,13224385.96,9818333.333,10150263.16,Google,China,,,,,,,,,,,,,,,,,,
2013,16.03646923,12.56005531,10.48293155,11.3419682,16036469.23,12560055.31,10482931.55,11341968.2,Google,China,,,,,,,,,,,,,,,,,,
2014,19.60423299,16.79594486,13.52281014,15.08638506,19604232.99,16795944.86,13522810.14,15086385.06,Google,China,,,,,,,,,,,,,,,,,,
2015,26.40588699,21.68991684,16.85338806,17.03777186,26405886.99,21689916.84,16853388.06,17037771.86,Google,China,,,,,,,,,,,,,,,,,,
2016,29.40313204,20.12765886,15.79071654,17.8943105,29403132.04,20127658.86,15790716.54,17894310.5,Google,China,,,,,,,,,,,,,,,,,,
2017,19.66828711,12.7521044,10.30769984,11.72711256,19668287.11,12752104.4,10307699.84,11727112.56,Google,China,,,,,,,,,,,,,,,,,,
2018,30.89456761,20.8654206,16.5021423,18.73572524,30894567.61,20865420.6,16502142.3,18735725.24,Google,China,,,,,,,,,,,,,,,,,,
2010,1.753318844,1.755324929,1.685111932,2.828580743,1753318.844,1755324.929,1685111.932,2828580.743,Google,Canada,,,,,,,,,,,,,,,,,,
2011,4.23571754,4.86429385,5.305079727,4.452198178,4235717.54,4864293.85,5305079.727,4452198.178,Google,Canada,,,,,,,,,,,,,,,,,,
2012,9.676046213,9.158806162,6.799878049,7.029762516,9676046.213,9158806.162,6799878.049,7029762.516,Google,Canada,,,,,,,,,,,,,,,,,,
2013,15.77213183,12.35302143,10.31013598,11.15501268,15772131.83,12353021.43,10310135.98,11155012.68,Google,Canada,,,,,,,,,,,,,,,,,,
2014,13.55732548,11.61525122,9.351711872,10.43300356,13557325.48,11615251.22,9351711.872,10433003.56,Google,Canada,,,,,,,,,,,,,,,,,,
2015,14.48115991,11.89489126,9.242507463,9.343624733,14481159.91,11894891.26,9242507.463,9343624.733,Google,Canada,,,,,,,,,,,,,,,,,,
2016,17.38913024,11.90357819,9.338693105,10.58276701,17389130.24,11903578.19,9338693.105,10582767.01,Google,Canada,,,,,,,,,,,,,,,,,,
2017,17.80043842,11.54106852,9.328803018,10.61341762,17800438.42,11541068.52,9328803.018,10613417.62,Google,Canada,,,,,,,,,,,,,,,,,,
2018,16.03235063,10.82784984,8.563580975,9.722670991,16032350.63,10827849.84,8563580.975,9722670.991,Google,Canada,,,,,,,,,,,,,,,,,,
2010,2.522651597,2.525537927,2.424516409,4.069723973,2522651.597,2525537.927,2424516.409,4069723.973,Google,Africa,,,,,,,,,,,,,,,,,,
2011,4.561257403,5.238143508,5.712806378,4.794375854,4561257.403,5238143.508,5712806.378,4794375.854,Google,Africa,,,,,,,,,,,,,,,,,,
2012,8.645836543,8.183667095,6.075894309,6.281302953,8645836.543,8183667.095,6075894.309,6281302.953,Google,Africa,,,,,,,,,,,,,,,,,,
2013,10.81580549,8.471136206,7.070218944,7.649596681,10815805.49,8471136.206,7070218.944,7649596.681,Google,Africa,,,,,,,,,,,,,,,,,,
2014,11.46983771,9.826794131,7.911783015,8.826582926,11469837.71,9826794.131,7911783.015,8826582.926,Google,Africa,,,,,,,,,,,,,,,,,,
2015,19.65753945,16.14679318,12.54629851,12.68356077,19657539.45,16146793.18,12546298.51,12683560.77,Google,Africa,,,,,,,,,,,,,,,,,,
2016,22.44410996,15.36392068,12.05342947,13.65915277,22444109.96,15363920.68,12053429.47,13659152.77,Google,Africa,,,,,,,,,,,,,,,,,,
2017,23.06872961,14.95681077,12.08979405,13.75460848,23068729.61,14956810.77,12089794.05,13754608.48,Google,Africa,,,,,,,,,,,,,,,,,,
2018,23.12913522,15.62084119,12.35428459,14.02645047,23129135.22,15620841.19,12354284.59,14026450.47,Google,Africa,,,,,,,,,,,,,,,,,,
2010,1.730523799,1.732503804,1.663203651,2.791806129,1730523.799,1732503.804,1663203.651,2791806.129,Google,MiddleEast,,,,,,,,,,,,,,,,,,
2011,4.431781321,5.089453303,5.550642369,4.65828246,4431781.321,5089453.303,5550642.369,4658282.46,Google,MiddleEast,,,,,,,,,,,,,,,,,,
2012,8.534890886,8.078652118,5.997926829,6.200699615,8534890.886,8078652.118,5997926.829,6200699.615,Google,MiddleEast,,,,,,,,,,,,,,,,,,
2013,9.890624568,7.746517631,6.465434432,6.995252362,9890624.568,7746517.631,6465434.432,6995252.362,Google,MiddleEast,,,,,,,,,,,,,,,,,,
2014,11.64001334,9.972592263,8.029168519,8.957541129,11640013.34,9972592.263,8029168.519,8957541.129,Google,MiddleEast,,,,,,,,,,,,,,,,,,
2015,14.65582303,12.03836034,9.353985075,9.456321962,14655823.03,12038360.34,9353985.075,9456321.962,Google,MiddleEast,,,,,,,,,,,,,,,,,,
2016,13.95174403,9.550545291,7.492672375,8.490824696,13951744.03,9550545.291,7492672.375,8490824.696,Google,MiddleEast,,,,,,,,,,,,,,,,,,
2017,16.09223491,10.43353997,8.433572594,9.594910277,16092234.91,10433539.97,8433572.594,9594910.277,Google,MiddleEast,,,,,,,,,,,,,,,,,,
2018,10.97190252,7.410149371,5.860573899,6.653808962,10971902.52,7410149.371,5860573.899,6653808.962,Google,MiddleEast,,,,,,,,,,,,,,,,,,
2010,0.317231037,0.317594001,0.304890241,0.511780048,317231.0367,317594.0013,304890.2413,511780.0478,Google,Others,,,,,,,,,,,,,,,,,,
2011,0.492009112,0.565022779,0.616223235,0.517154897,492009.1116,565022.779,616223.2346,517154.8975,Google,Others,,,,,,,,,,,,,,,,,,
2012,1.687958922,1.597727856,1.186219512,1.226322208,1687958.922,1597727.856,1186219.512,1226322.208,Google,Others,,,,,,,,,,,,,,,,,,
2013,10.63958055,8.333113621,6.955021894,7.524959668,10639580.55,8333113.621,6955021.894,7524959.668,Google,Others,,,,,,,,,,,,,,,,,,
2014,7.101996443,6.084642063,4.898888395,5.465322365,7101996.443,6084642.063,4898888.395,5465322.365,Google,Others,,,,,,,,,,,,,,,,,,
2015,8.622006397,7.08215565,5.502940299,5.563144989,8622006.397,7082155.65,5502940.299,5563144.989,Google,Others,,,,,,,,,,,,,,,,,,
2016,9.200063091,6.297823344,4.940820189,5.599022082,9200063.091,6297823.344,4940820.189,5599022.082,Google,Others,,,,,,,,,,,,,,,,,,
2017,8.36540783,5.423784666,4.384119086,4.987830343,8365407.83,5423784.666,4384119.086,4987830.343,Google,Others,,,,,,,,,,,,,,,,,,
2018,3.586383648,2.422154088,1.915644654,2.174929245,3586383.648,2422154.088,1915644.654,2174929.245,Google,Others,,,,,,,,,,,,,,,,,,
2010,0.01899587,0.019017605,0.018256901,0.030645512,18995.87046,19017.60487,18256.90067,30645.51185,LG,UK,,,,,,,,,,,,,,,,,,
2011,0.062888383,0.072220957,0.078765376,0.066102506,62888.38269,72220.95672,78765.37585,66102.50569,LG,UK,,,,,,,,,,,,,,,,,,
2012,0.309062901,0.29254172,0.217195122,0.224537869,309062.9012,292541.7202,217195.122,224537.8691,LG,UK,,,,,,,,,,,,,,,,,,
2013,0.385492049,0.301924407,0.251993547,0.272643466,385492.0489,301924.4065,251993.5469,272643.4662,LG,UK,,,,,,,,,,,,,,,,,,
2014,0.771462872,0.660951534,0.532147621,0.59367719,771462.8724,660951.534,532147.6212,593677.1899,LG,UK,,,,,,,,,,,,,,,,,,
2015,1.984808102,1.63033049,1.266791045,1.28065032,1984808.102,1630330.49,1266791.045,1280650.32,LG,UK,,,,,,,,,,,,,,,,,,
2016,2.763388914,1.891653898,1.484055881,1.681757548,2763388.914,1891653.898,1484055.881,1681757.548,LG,UK,,,,,,,,,,,,,,,,,,
2017,2.282926183,1.480154976,1.196429445,1.361182708,2282926.183,1480154.976,1196429.445,1361182.708,LG,UK,,,,,,,,,,,,,,,,,,
2018,1.960353774,1.323974057,1.047110849,1.188838443,1960353.774,1323974.057,1047110.849,1188838.443,LG,UK,,,,,,,,,,,,,,,,,,
2010,3.690897631,3.695120626,3.547315801,5.954422952,3690897.631,3695120.626,3547315.801,5954422.952,LG,US,,,,,,,,,,,,,,,,,,
2011,6.118669704,7.02667426,7.663407745,6.431384966,6118669.704,7026674.26,7663407.745,6431384.966,LG,US,,,,,,,,,,,,,,,,,,
2012,12.38629012,11.72417202,8.704512195,8.998786906,12386290.12,11724172.02,8704512.195,8998786.906,LG,US,,,,,,,,,,,,,,,,,,
2013,16.03646923,12.56005531,10.48293155,11.3419682,16036469.23,12560055.31,10482931.55,11341968.2,LG,US,,,,,,,,,,,,,,,,,,
2014,16.20072032,13.87998221,11.17510004,12.46722099,16200720.32,13879982.21,11175100.04,12467220.99,LG,US,,,,,,,,,,,,,,,,,,
2015,24.81804051,20.38565245,15.83995522,16.0132516,24818040.51,20385652.45,15839955.22,16013251.6,LG,US,,,,,,,,,,,,,,,,,,
2016,29.57163137,20.24300361,15.88120775,17.99685669,29571631.37,20243003.61,15881207.75,17996856.69,LG,US,,,,,,,,,,,,,,,,,,
2017,20.46651305,13.26964111,10.72603181,12.20305057,20466513.05,13269641.11,10726031.81,12203050.57,LG,US,,,,,,,,,,,,,,,,,,
2018,30.89456761,20.8654206,16.5021423,18.73572524,30894567.61,20865420.6,16502142.3,18735725.24,LG,US,,,,,,,,,,,,,,,,,,
2010,8.948954575,8.959193654,8.600825907,14.43710063,8948954.575,8959193.654,8600825.907,14437100.63,LG,China,,,,,,,,,,,,,,,,,,
2011,16.73200911,19.21502278,20.95622323,17.5871549,16732009.11,19215022.78,20956223.23,17587154.9,LG,China,,,,,,,,,,,,,,,,,,
2012,37.85624305,35.83261018,26.60361789,27.50301027,37856243.05,35832610.18,26603617.89,27503010.27,LG,China,,,,,,,,,,,,,,,,,,
2013,48.8803918,38.28401475,31.95278175,34.57119152,48880391.8,38284014.75,31952781.75,34571191.52,LG,China,,,,,,,,,,,,,,,,,,
2014,49.04461761,42.01902179,33.83050245,37.74215429,49044617.61,42019021.79,33830502.45,37742154.29,LG,China,,,,,,,,,,,,,,,,,,
2015,67.22942004,55.22255437,42.90874627,43.37818763,67229420.04,55222554.37,42908746.27,43378187.63,LG,China,,,,,,,,,,,,,,,,,,
2016,75.08329878,51.39762055,40.32288418,45.69458315,75083298.78,51397620.55,40322884.18,45694583.15,LG,China,,,,,,,,,,,,,,,,,,
2017,73.22924755,47.47881729,38.37777529,43.66255302,73229247.55,47478817.29,38377775.29,43662553.02,LG,China,,,,,,,,,,,,,,,,,,
2018,65.77062893,44.41984277,35.13097484,39.88599057,65770628.93,44419842.77,35130974.84,39885990.57,LG,China,,,,,,,,,,,,,,,,,,
2010,1.753318844,1.755324929,1.685111932,2.828580743,1753318.844,1755324.929,1685111.932,2828580.743,LG,Canada,,,,,,,,,,,,,,,,,,
2011,4.23571754,4.86429385,5.305079727,4.452198178,4235717.54,4864293.85,5305079.727,4452198.178,LG,Canada,,,,,,,,,,,,,,,,,,
2012,9.676046213,9.158806162,6.799878049,7.029762516,9676046.213,9158806.162,6799878.049,7029762.516,LG,Canada,,,,,,,,,,,,,,,,,,
2013,15.77213183,12.35302143,10.31013598,11.15501268,15772131.83,12353021.43,10310135.98,11155012.68,LG,Canada,,,,,,,,,,,,,,,,,,
2014,13.55732548,11.61525122,9.351711872,10.43300356,13557325.48,11615251.22,9351711.872,10433003.56,LG,Canada,,,,,,,,,,,,,,,,,,
2015,19.24469936,15.80768443,12.28280597,12.4171855,19244699.36,15807684.43,12282805.97,12417185.5,LG,Canada,,,,,,,,,,,,,,,,,,
2016,17.38913024,11.90357819,9.338693105,10.58276701,17389130.24,11903578.19,9338693.105,10582767.01,LG,Canada,,,,,,,,,,,,,,,,,,
2017,17.80043842,11.54106852,9.328803018,10.61341762,17800438.42,11541068.52,9328803.018,10613417.62,LG,Canada,,,,,,,,,,,,,,,,,,
2018,16.03235063,10.82784984,8.563580975,9.722670991,16032350.63,10827849.84,8563580.975,9722670.991,LG,Canada,,,,,,,,,,,,,,,,,,
2010,2.522651597,2.525537927,2.424516409,4.069723973,2522651.597,2525537.927,2424516.409,4069723.973,LG,Africa,,,,,,,,,,,,,,,,,,
2011,4.561257403,5.238143508,5.712806378,4.794375854,4561257.403,5238143.508,5712806.378,4794375.854,LG,Africa,,,,,,,,,,,,,,,,,,
2012,8.645836543,8.183667095,6.075894309,6.281302953,8645836.543,8183667.095,6075894.309,6281302.953,LG,Africa,,,,,,,,,,,,,,,,,,
2013,14.12002305,11.05905969,9.230163632,9.986540678,14120023.05,11059059.69,9230163.632,9986540.678,LG,Africa,,,,,,,,,,,,,,,,,,
2014,17.14235883,14.68673188,11.82463317,13.19185638,17142358.83,14686731.88,11824633.17,13191856.38,LG,Africa,,,,,,,,,,,,,,,,,,
2015,26.00892537,21.36385075,16.60002985,16.78164179,26008925.37,21363850.75,16600029.85,16781641.79,LG,Africa,,,,,,,,,,,,,,,,,,
2016,22.44410996,15.36392068,12.05342947,13.65915277,22444109.96,15363920.68,12053429.47,13659152.77,LG,Africa,,,,,,,,,,,,,,,,,,
2017,23.06872961,14.95681077,12.08979405,13.75460848,23068729.61,14956810.77,12089794.05,13754608.48,LG,Africa,,,,,,,,,,,,,,,,,,
2018,23.12913522,15.62084119,12.35428459,14.02645047,23129135.22,15620841.19,12354284.59,14026450.47,LG,Africa,,,,,,,,,,,,,,,,,,
2010,1.730523799,1.732503804,1.663203651,2.791806129,1730523.799,1732503.804,1663203.651,2791806.129,LG,MiddleEast,,,,,,,,,,,,,,,,,,
2011,4.431781321,5.089453303,5.550642369,4.65828246,4431781.321,5089453.303,5550642.369,4658282.46,LG,MiddleEast,,,,,,,,,,,,,,,,,,
2012,8.534890886,8.078652118,5.997926829,6.200699615,8534890.886,8078652.118,5997926.829,6200699.615,LG,MiddleEast,,,,,,,,,,,,,,,,,,
2013,9.890624568,7.746517631,6.465434432,6.995252362,9890624.568,7746517.631,6465434.432,6995252.362,LG,MiddleEast,,,,,,,,,,,,,,,,,,
2014,11.64001334,9.972592263,8.029168519,8.957541129,11640013.34,9972592.263,8029168.519,8957541.129,LG,MiddleEast,,,,,,,,,,,,,,,,,,
2015,14.65582303,12.03836034,9.353985075,9.456321962,14655823.03,12038360.34,9353985.075,9456321.962,LG,MiddleEast,,,,,,,,,,,,,,,,,,
2016,13.95174403,9.550545291,7.492672375,8.490824696,13951744.03,9550545.291,7492672.375,8490824.696,LG,MiddleEast,,,,,,,,,,,,,,,,,,
2017,16.09223491,10.43353997,8.433572594,9.594910277,16092234.91,10433539.97,8433572.594,9594910.277,LG,MiddleEast,,,,,,,,,,,,,,,,,,
2018,10.97190252,7.410149371,5.860573899,6.653808962,10971902.52,7410149.371,5860573.899,6653808.962,LG,MiddleEast,,,,,,,,,,,,,,,,,,
2010,0.330528146,0.330906325,0.317670072,0.533231906,330528.1461,330906.3247,317670.0717,533231.9061,LG,Others,,,,,,,,,,,,,,,,,,
2011,0.850842825,0.977107062,1.065649203,0.894328018,850842.8246,977107.0615,1065649.203,894328.0182,LG,Others,,,,,,,,,,,,,,,,,,
2012,1.838528027,1.740248181,1.29203252,1.335712452,1838528.027,1740248.181,1292032.52,1335712.452,LG,Others,,,,,,,,,,,,,,,,,,
2013,5.055452869,3.959522932,3.304715372,3.575524314,5055452.869,3959522.932,3304715.372,3575524.314,LG,Others,,,,,,,,,,,,,,,,,,
2014,5.093923966,4.3642241,3.51373944,3.920015562,5093923.966,4364224.1,3513739.44,3920015.562,LG,Others,,,,,,,,,,,,,,,,,,
2015,4.84293177,3.978006397,3.090970149,3.12478678,4842931.77,3978006.397,3090970.149,3124786.78,LG,Others,,,,,,,,,,,,,,,,,,
2016,7.29602073,4.99442767,3.918269491,4.440250113,7296020.73,4994427.67,3918269.491,4440250.113,LG,Others,,,,,,,,,,,,,,,,,,
2017,6.705097879,4.34730832,3.513988581,3.997879282,6705097.879,4347308.32,3513988.581,3997879.282,LG,Others,,,,,,,,,,,,,,,,,,
2018,3.206470126,2.165569969,1.712716195,1.944534198,3206470.126,2165569.969,1712716.195,1944534.198,LG,Others,,,,,,,,,,,,,,,,,,
2010,0,0,0,0,0,0,0,0,Unknown,UK,,,,,,,,,,,,,,,,,,
2011,0,0,0,0,0,0,0,0,Unknown,UK,,,,,,,,,,,,,,,,,,
2012,2.345708173,2.220316645,1.648455285,1.704184852,2345708.173,2220316.645,1648455.285,1704184.852,Unknown,UK,,,,,,,,,,,,,,,,,,
2013,2.279910118,1.785667204,1.490361835,1.612491357,2279910.118,1785667.204,1490361.835,1612491.357,Unknown,UK,,,,,,,,,,,,,,,,,,
2014,3.709828813,3.178399289,2.559004002,2.854888839,3709828.813,3178399.289,2559004.002,2854888.839,Unknown,UK,,,,,,,,,,,,,,,,,,
2015,3.842588486,3.156319829,2.452507463,2.479339019,3842588.486,3156319.829,2452507.463,2479339.019,Unknown,UK,,,,,,,,,,,,,,,,,,
2016,5.96487607,4.083204146,3.203388914,3.630135196,5964876.07,4083204.146,3203388.914,3630135.196,Unknown,UK,,,,,,,,,,,,,,,,,,
2017,3.560087684,2.308213703,1.865760604,2.122683524,3560087.684,2308213.703,1865760.604,2122683.524,Unknown,UK,,,,,,,,,,,,,,,,,,
2018,2.735377358,1.84740566,1.461084906,1.65884434,2735377.358,1847405.66,1461084.906,1658844.34,Unknown,UK,,,,,,,,,,,,,,,,,,
2010,1.922382091,1.924581613,1.847598348,3.101325799,1922382.091,1924581.613,1847598.348,3101325.799,Unknown,US,,,,,,,,,,,,,,,,,,
2011,4.557558087,5.233895216,5.708173121,4.790487472,4557558.087,5233895.216,5708173.121,4790487.472,Unknown,US,,,,,,,,,,,,,,,,,,
2012,7.829593496,7.411056911,5.502276423,5.688292683,7829593.496,7411056.911,5502276.423,5688292.683,Unknown,US,,,,,,,,,,,,,,,,,,
2013,11.75200046,9.204381194,7.682203273,8.311730814,11752000.46,9204381.194,7682203.273,8311730.814,Unknown,US,,,,,,,,,,,,,,,,,,
2014,10.57357937,9.058923966,7.29355269,8.13686972,10573579.37,9058923.966,7293552.69,8136869.72,Unknown,US,,,,,,,,,,,,,,,,,,
2015,13.94129211,11.45144136,8.897940299,8.995287846,13941292.11,11451441.36,8897940.299,8995287.846,Unknown,US,,,,,,,,,,,,,,,,,,
2016,11.32315457,7.751167192,6.081009464,6.891104101,11323154.57,7751167.192,6081009.464,6891104.101,Unknown,US,,,,,,,,,,,,,,,,,,
2017,12.40443108,8.042520392,6.500878874,7.396076672,12404431.08,8042520.392,6500878.874,7396076.672,Unknown,US,,,,,,,,,,,,,,,,,,
2018,9.057138365,6.116965409,4.837814465,5.492617925,9057138.365,6116965.409,4837814.465,5492617.925,Unknown,US,,,,,,,,,,,,,,,,,,
2010,5.742451641,5.749021952,5.519061074,9.264138231,5742451.641,5749021.952,5519061.074,9264138.231,Unknown,China,,,,,,,,,,,,,,,,,,
2011,11.87850569,13.64126424,14.87738952,12.48559681,11878505.69,13641264.24,14877389.52,12485596.81,Unknown,China,,,,,,,,,,,,,,,,,,
2012,25.21636286,23.86840394,17.72089431,18.31998716,25216362.86,23868403.94,17720894.31,18319987.16,Unknown,China,,,,,,,,,,,,,,,,,,
2013,32.18307905,25.20637474,21.03786126,22.76183452,32183079.05,25206374.74,21037861.26,22761834.52,Unknown,China,,,,,,,,,,,,,,,,,,
2014,32.79851712,28.10016007,22.6240996,25.24001112,32798517.12,28100160.07,22624099.6,25240011.12,Unknown,China,,,,,,,,,,,,,,,,,,
2015,43.26881663,35.54120469,27.61604478,27.91817697,43268816.63,35541204.69,27616044.78,27918176.97,Unknown,China,,,,,,,,,,,,,,,,,,
2016,42.66402884,29.20529067,22.91237494,25.96469581,42664028.84,29205290.67,22912374.94,25964695.81,Unknown,China,,,,,,,,,,,,,,,,,,
2017,38.92149674,25.23508972,20.39786705,23.20673736,38921496.74,25235089.72,20397867.05,23206737.36,Unknown,China,,,,,,,,,,,,,,,,,,
2018,35.30156447,23.84179638,18.85611242,21.40830778,35301564.47,23841796.38,18856112.42,21408307.78,Unknown,China,,,,,,,,,,,,,,,,,,
2010,1.753318844,1.755324929,1.685111932,2.828580743,1753318.844,1755324.929,1685111.932,2828580.743,Unknown,Canada,,,,,,,,,,,,,,,,,,
2011,3.125922551,3.589806378,3.915102506,3.285683371,3125922.551,3589806.378,3915102.506,3285683.371,Unknown,Canada,,,,,,,,,,,,,,,,,,
2012,4.128763372,3.908057338,2.901504065,2.999595635,4128763.372,3908057.338,2901504.065,2999595.635,Unknown,Canada,,,,,,,,,,,,,,,,,,
2013,6.960884997,5.451892141,4.550283475,4.923162019,6960884.997,5451892.141,4550283.475,4923162.019,Unknown,Canada,,,,,,,,,,,,,,,,,,
2014,5.615795909,4.811338373,3.873721654,4.32162072,5615795.909,4811338.373,3873721.654,4321620.72,Unknown,Canada,,,,,,,,,,,,,,,,,,
2015,4.954081023,4.069304904,3.161910448,3.196503198,4954081.023,4069304.904,3161910.448,3196503.198,Unknown,Canada,,,,,,,,,,,,,,,,,,
2016,8.964164038,6.136340694,4.814132492,5.455457413,8964164.038,6136340.694,4814132.492,5455457.413,Unknown,Canada,,,,,,,,,,,,,,,,,,
2017,11.41463091,7.400774878,5.982147227,6.80591354,11414630.91,7400774.878,5982147.227,6805913.54,Unknown,Canada,,,,,,,,,,,,,,,,,,
2018,9.953734277,6.722503931,5.316725629,6.036350236,9953734.277,6722503.931,5316725.629,6036350.236,Unknown,Canada,,,,,,,,,,,,,,,,,,
2010,6.701743099,6.709410998,6.441034558,10.81173658,6701743.099,6709410.998,6441034.558,10811736.58,Unknown,Africa,,,,,,,,,,,,,,,,,,
2011,12.25583599,14.07458998,15.34998178,12.88221185,12255835.99,14074589.98,15349981.78,12882211.85,Unknown,Africa,,,,,,,,,,,,,,,,,,
2012,23.92463843,22.64572957,16.81313008,17.38153402,23924638.43,22645729.57,16813130.08,17381534.02,Unknown,Africa,,,,,,,,,,,,,,,,,,
2013,31.33499654,24.54214105,20.48347546,22.1620189,31334996.54,24542141.05,20483475.46,22162018.9,Unknown,Africa,,,,,,,,,,,,,,,,,,
2014,28.736992,24.62044464,19.82249889,22.11447532,28736992,24620444.64,19822498.89,22114475.32,Unknown,Africa,,,,,,,,,,,,,,,,,,
2015,41.47455011,34.06738593,26.47086567,26.76046908,41474550.11,34067385.93,26470865.67,26760469.08,Unknown,Africa,,,,,,,,,,,,,,,,,,
2016,46.97761154,32.15811627,25.22894998,28.58987832,46977611.54,32158116.27,25228949.98,28589878.32,Unknown,Africa,,,,,,,,,,,,,,,,,,
2017,33.38180873,21.64338499,17.49464315,19.90372757,33381808.73,21643384.99,17494643.15,19903727.57,Unknown,Africa,,,,,,,,,,,,,,,,,,
2018,39.9972956,27.0131761,21.36430818,24.25599057,39997295.6,27013176.1,21364308.18,24255990.57,Unknown,Africa,,,,,,,,,,,,,,,,,,
2010,1.920482504,1.922679852,1.845772658,3.098261248,1920482.504,1922679.852,1845772.658,3098261.248,Unknown,MiddleEast,,,,,,,,,,,,,,,,,,
2011,4.431781321,5.089453303,5.550642369,4.65828246,4431781.321,5089453.303,5550642.369,4658282.46,Unknown,MiddleEast,,,,,,,,,,,,,,,,,,
2012,10.11982884,9.578866068,7.111747967,7.352175866,10119828.84,9578866.068,7111747.967,7352175.866,Unknown,MiddleEast,,,,,,,,,,,,,,,,,,
2013,14.57159945,11.41274257,9.525356073,10.30592302,14571599.45,11412742.57,9525356.073,10305923.02,Unknown,MiddleEast,,,,,,,,,,,,,,,,,,
2014,16.14399511,13.83138284,11.13597154,12.42356825,16143995.11,13831382.84,11135971.54,12423568.25,Unknown,MiddleEast,,,,,,,,,,,,,,,,,,
2015,21.34065672,17.52931343,13.62053731,13.76955224,21340656.72,17529313.43,13620537.31,13769552.24,Unknown,MiddleEast,,,,,,,,,,,,,,,,,,
2016,25.74669671,17.62467778,13.82705723,15.66905813,25746696.71,17624677.78,13827057.23,15669058.13,Unknown,MiddleEast,,,,,,,,,,,,,,,,,,
2017,26.10198817,16.92345024,13.67945555,15.56317292,26101988.17,16923450.24,13679455.55,15563172.92,Unknown,MiddleEast,,,,,,,,,,,,,,,,,,
2018,18.73733491,12.65472877,10.0084316,11.36308373,18737334.91,12654728.77,10008431.6,11363083.73,Unknown,MiddleEast,,,,,,,,,,,,,,,,,,
2010,0.955492284,0.956585525,0.918322104,1.541469246,955492.2843,956585.5249,918322.1039,1541469.246,Unknown,Others,,,,,,,,,,,,,,,,,,
2011,0.743562642,0.853906606,0.931284738,0.78156492,743562.6424,853906.6059,931284.738,781564.9203,Unknown,Others,,,,,,,,,,,,,,,,,,
2012,5.682002567,5.378267009,3.99304878,4.128042362,5682002.567,5378267.009,3993048.78,4128042.362,Unknown,Others,,,,,,,,,,,,,,,,,,
2013,11.05811477,8.660917262,7.228614888,7.820972574,11058114.77,8660917.262,7228614.888,7820972.574,Unknown,Others,,,,,,,,,,,,,,,,,,
2014,15.8717141,13.59810582,10.94815474,12.21403513,15871714.1,13598105.82,10948154.74,12214035.13,Unknown,Others,,,,,,,,,,,,,,,,,,
2015,29.96266311,24.61146908,19.12347761,19.33269723,29962663.11,24611469.08,19123477.61,19332697.23,Unknown,Others,,,,,,,,,,,,,,,,,,
2016,26.85879225,18.38595313,14.42429923,16.345863,26858792.25,18385953.13,14424299.23,16345863,Unknown,Others,,,,,,,,,,,,,,,,,,
2017,33.86074429,21.95390701,17.74564233,20.18929038,33860744.29,21953907.01,17745642.33,20189290.38,Unknown,Others,,,,,,,,,,,,,,,,,,
2018,36.18296384,24.43707154,19.32690645,21.94282429,36182963.84,24437071.54,19326906.45,21942824.29,Unknown,Others,,,,,,,,,,,,,,,,,,
